timestamp,device_id,volt,rotate,pressure,vibration,device_status,ip_address
01-01-21 6:00,Device_1,176.217853,418.5040782,113.0779355,45.08768576,NORMAL,10.90.102.93
01-01-21 6:00,Device_2,176.5589132,424.6241621,76.00533247,43.76704852,NORMAL,10.91.103.94
01-01-21 6:00,Device_3,185.4820432,461.2111374,87.45319939,28.21686425,NORMAL,34.91.103.95
01-01-21 6:00,Device_4,169.7108469,463.6467269,95.92987658,38.40037192,NORMAL,6.91.103.90
01-01-21 6:00,Device_5,165.0828994,452.2835762,84.5917221,40.29880253,NORMAL,2.91.103.80
01-01-21 6:00,Device_6,136.8785885,492.0884196,149.003582,22.97328948,NORMAL,7.91.103.21
01-01-21 6:00,Device_7,156.0063913,519.4979051,105.878295,42.52224477,NORMAL,34.102.103.6
01-01-21 6:00,Device_8,159.3793197,409.4192167,111.7357327,44.10403835,NORMAL,20.101.103.7
01-01-21 6:00,Device_9,223.8532964,397.3081267,102.8744381,42.98380766,FAILED,34.91.105.99
01-01-21 6:00,Device_10,158.4212606,500.8308855,119.7506729,45.57134397,NORMAL,37.10.103.60
01-01-21 7:00,Device_10,174.6319508,356.9288214,88.86099858,35.2459655,NORMAL,37.10.103.60
01-01-21 7:00,Device_9,153.1061184,478.4097577,102.0275046,31.96437924,NORMAL,34.91.105.99
01-01-21 7:00,Device_8,152.3491534,504.9095338,109.0040269,48.68422118,NORMAL,20.101.103.7
01-01-21 7:00,Device_7,216.9135021,510.5411089,106.8316508,52.66732123,NORMAL,34.102.103.6
01-01-21 7:00,Device_6,154.3968637,450.4983412,146.8229049,32.15251671,NORMAL,7.91.103.21
01-01-21 7:00,Device_5,192.7839953,515.3896733,119.0821374,37.30235906,NORMAL,2.91.103.80
01-01-21 7:00,Device_4,180.186857,538.763646,92.69191972,44.82682879,NORMAL,6.91.103.90
01-01-21 7:00,Device_3,179.8185164,519.1661847,109.3186032,37.29072175,NORMAL,34.91.103.95
01-01-21 7:00,Device_2,158.2820441,432.3729603,110.9078057,37.26711356,NORMAL,10.91.103.94
01-01-21 7:00,Device_1,162.8792229,402.7474896,95.46052538,43.41397268,NORMAL,10.90.102.93
01-01-21 8:00,Device_1,170.9899024,527.3498255,75.23790486,34.17884712,NORMAL,10.90.102.93
01-01-21 8:00,Device_2,168.2420279,454.6296389,97.87700656,39.70946132,NORMAL,10.91.103.94
01-01-21 8:00,Device_3,165.6168026,467.1074817,101.2855804,34.53003475,NORMAL,34.91.103.95
01-01-21 8:00,Device_4,156.8619906,413.8049843,81.50661438,54.35209009,NORMAL,6.91.103.90
01-01-21 8:00,Device_5,159.7020562,512.2940127,90.21253972,44.29500548,NORMAL,2.91.103.80
01-01-21 8:00,Device_6,151.9956949,360.7975149,162.0903146,43.66358807,FAILED,7.91.103.21
01-01-21 8:00,Device_7,175.1505247,453.6744455,96.96183901,32.39717146,NORMAL,34.102.103.6
01-01-21 8:00,Device_8,196.7514677,363.6782119,108.7766707,38.40074592,NORMAL,20.101.103.7
01-01-21 8:00,Device_9,208.7516637,362.8232726,93.18758899,41.2341984,NORMAL,34.91.105.99
01-01-21 8:00,Device_10,158.7775658,467.1621589,84.38239366,37.9752783,NORMAL,37.10.103.60
01-01-21 9:00,Device_10,178.1288515,438.3762921,105.8708208,40.83626346,NORMAL,37.10.103.60
01-01-21 9:00,Device_9,188.8514916,538.0699505,95.46966964,37.22631857,NORMAL,34.91.105.99
01-01-21 9:00,Device_8,171.1702678,485.0671474,97.88724721,34.87603485,NORMAL,20.101.103.7
01-01-21 9:00,Device_7,168.2682412,488.0033324,102.4978765,37.64548109,NORMAL,34.102.103.6
01-01-21 9:00,Device_6,172.8206476,455.9915563,133.6472669,44.90855244,NORMAL,7.91.103.21
01-01-21 9:00,Device_5,162.7061617,308.5788546,95.07289842,39.40140557,NORMAL,2.91.103.80
01-01-21 9:00,Device_4,170.282492,416.3034786,96.26530828,37.61305229,NORMAL,6.91.103.90
01-01-21 9:00,Device_3,165.0070129,391.9948715,98.82566859,27.49550731,NORMAL,34.91.103.95
01-01-21 9:00,Device_2,180.2803164,438.3910224,84.4404301,40.49044263,NORMAL,10.91.103.94
01-01-21 9:00,Device_1,162.4628333,346.149335,109.2485613,41.12214409,NORMAL,10.90.102.93
01-01-21 10:00,Device_1,157.6100212,435.376873,111.8866482,25.990511,NORMAL,10.90.102.93
01-01-21 10:00,Device_2,169.7195309,473.0556636,110.3956834,41.22957798,NORMAL,10.91.103.94
01-01-21 10:00,Device_3,138.8981644,488.7641185,102.8000174,44.69821788,NORMAL,34.91.103.95
01-01-21 10:00,Device_4,187.4873324,464.1101598,100.8856452,41.65137116,NORMAL,6.91.103.90
01-01-21 10:00,Device_5,166.1583499,521.1536783,76.8743884,41.02331682,NORMAL,2.91.103.80
01-01-21 10:00,Device_6,181.4694554,428.1380478,119.1046538,40.00901178,NORMAL,7.91.103.21
01-01-21 10:00,Device_7,171.7865801,513.9356589,105.2370396,33.9897413,NORMAL,34.102.103.6
01-01-21 10:00,Device_8,155.3237469,463.0004631,100.9293573,38.32271397,NORMAL,20.101.103.7
01-01-21 10:00,Device_9,214.9274391,482.5501514,104.0724202,38.14140463,NORMAL,34.91.105.99
01-01-21 10:00,Device_10,176.4973156,364.9183295,98.14821374,35.51101302,NORMAL,37.10.103.60
01-01-21 11:00,Device_10,150.1726559,489.182477,112.9736249,38.69328736,NORMAL,37.10.103.60
01-01-21 11:00,Device_9,170.4793702,436.8446208,95.61545447,32.43034514,NORMAL,34.91.105.99
01-01-21 11:00,Device_8,201.4604026,529.125438,101.1317284,36.94301758,NORMAL,20.101.103.7
01-01-21 11:00,Device_7,155.4950326,429.4765479,105.940375,41.32855754,NORMAL,34.102.103.6
01-01-21 11:00,Device_6,138.199503,436.9005723,135.529745,39.37605815,NORMAL,7.91.103.21
01-01-21 11:00,Device_5,162.3938326,391.6487663,88.47627039,36.68694802,NORMAL,2.91.103.80
01-01-21 11:00,Device_4,152.7430668,454.0447804,103.0710606,35.65515068,NORMAL,6.91.103.90
01-01-21 11:00,Device_3,171.1008116,424.2929899,108.1981337,37.54005585,NORMAL,34.91.103.95
01-01-21 11:00,Device_2,191.2572471,369.7387918,101.2234509,45.61654258,NORMAL,10.91.103.94
01-01-21 11:00,Device_1,172.5048392,430.3233621,95.92704169,35.65501733,NORMAL,10.90.102.93
01-01-21 12:00,Device_1,156.5560306,499.0716231,111.7556843,42.7539197,NORMAL,10.90.102.93
01-01-21 12:00,Device_2,186.2829772,483.6984163,115.0618633,50.69056106,NORMAL,10.91.103.94
01-01-21 12:00,Device_3,164.0366976,382.6485879,95.68015221,41.32969567,NORMAL,34.91.103.95
01-01-21 12:00,Device_4,189.7088777,451.816796,117.8502559,42.58772152,NORMAL,6.91.103.90
01-01-21 12:00,Device_5,166.8756409,426.4699014,84.66339314,32.35674332,NORMAL,2.91.103.80
01-01-21 12:00,Device_6,165.3903928,475.3448068,151.586367,28.49826658,FAILED,7.91.103.21
01-01-21 12:00,Device_7,170.0754857,444.2367257,98.18733744,44.14377359,NORMAL,34.102.103.6
01-01-21 12:00,Device_8,137.2103553,446.5550714,119.7347131,38.55402491,NORMAL,20.101.103.7
01-01-21 12:00,Device_9,138.0599383,525.7692189,88.04568248,45.21280313,NORMAL,34.91.105.99
01-01-21 12:00,Device_10,183.765411,404.0109442,101.2344376,36.22667064,NORMAL,37.10.103.60
01-01-21 13:00,Device_10,174.8825958,363.1661266,96.80991781,44.05379885,NORMAL,37.10.103.60
01-01-21 13:00,Device_9,184.7030515,440.5830579,106.4136004,45.68339672,NORMAL,34.91.105.99
01-01-21 13:00,Device_8,196.0416179,405.2267056,94.89738777,42.87358599,NORMAL,20.101.103.7
01-01-21 13:00,Device_7,187.4649991,408.6233806,99.06585455,52.16544073,NORMAL,34.102.103.6
01-01-21 13:00,Device_6,164.9978564,520.9476765,117.302419,38.41598339,NORMAL,7.91.103.21
01-01-21 13:00,Device_5,206.5330899,394.8757133,102.4397336,36.4788386,NORMAL,2.91.103.80
01-01-21 13:00,Device_4,183.523486,551.3272834,95.76989636,46.03973144,NORMAL,6.91.103.90
01-01-21 13:00,Device_3,152.9676194,461.7817306,97.86455847,36.78585488,NORMAL,34.91.103.95
01-01-21 13:00,Device_2,179.3671884,450.9439612,94.37801921,38.6848154,NORMAL,10.91.103.94
01-01-21 13:00,Device_1,172.5227808,409.624717,101.0010828,35.48200866,NORMAL,10.90.102.93
01-01-21 14:00,Device_1,175.3245239,398.6487807,110.6243605,45.48228685,NORMAL,10.90.102.93
01-01-21 14:00,Device_2,168.8937823,494.8763131,101.9100218,34.56668061,NORMAL,10.91.103.94
01-01-21 14:00,Device_3,160.794446,512.5744756,119.8539281,29.05150683,NORMAL,34.91.103.95
01-01-21 14:00,Device_4,151.1521265,413.855056,105.3924362,43.07154841,NORMAL,6.91.103.90
01-01-21 14:00,Device_5,177.6533188,489.676632,103.3671082,39.38505477,NORMAL,2.91.103.80
01-01-21 14:00,Device_6,170.2042239,526.7477155,127.8917174,39.11241441,NORMAL,7.91.103.21
01-01-21 14:00,Device_7,169.8202397,401.687766,97.06671018,32.03818333,NORMAL,34.102.103.6
01-01-21 14:00,Device_8,148.9898871,489.1705204,94.81450689,30.8269446,NORMAL,20.101.103.7
01-01-21 14:00,Device_9,180.6378886,379.3628823,108.726644,44.86301434,NORMAL,34.91.105.99
01-01-21 14:00,Device_10,158.5517442,411.7822869,100.246406,43.16213456,NORMAL,37.10.103.60
01-01-21 15:00,Device_10,185.4481135,534.266809,109.979184,29.73029375,NORMAL,37.10.103.60
01-01-21 15:00,Device_9,183.4068293,395.8358755,89.49563746,39.2222735,NORMAL,34.91.105.99
01-01-21 15:00,Device_8,156.9801147,467.6744425,103.6542481,42.98948299,NORMAL,20.101.103.7
01-01-21 15:00,Device_7,175.1694868,409.9901725,102.0610902,42.22939372,NORMAL,34.102.103.6
01-01-21 15:00,Device_6,152.3940431,524.9534272,111.0005859,45.75053439,NORMAL,7.91.103.21
01-01-21 15:00,Device_5,175.5015679,472.3112158,94.2647624,43.01950066,NORMAL,2.91.103.80
01-01-21 15:00,Device_4,152.7544546,421.1673229,94.52448075,33.56611266,NORMAL,6.91.103.90
01-01-21 15:00,Device_3,177.6928747,416.7394585,101.2543787,36.70344252,NORMAL,34.91.103.95
01-01-21 15:00,Device_2,158.5957972,427.282619,92.47016278,32.16023225,NORMAL,10.91.103.94
01-01-21 15:00,Device_1,169.2184232,460.8506699,104.84823,39.90173544,NORMAL,10.90.102.93
01-01-21 16:00,Device_1,167.0609807,382.4835429,103.7806625,42.67579991,NORMAL,10.90.102.93
01-01-21 16:00,Device_2,165.7543944,457.2826764,108.0073725,46.98052718,NORMAL,10.91.103.94
01-01-21 16:00,Device_3,175.5769999,428.8194564,87.63134664,38.86759401,NORMAL,34.91.103.95
01-01-21 16:00,Device_4,157.625244,423.7852293,106.3871135,47.13274324,NORMAL,6.91.103.90
01-01-21 16:00,Device_5,164.853542,454.7922915,108.1246629,32.72903952,NORMAL,2.91.103.80
01-01-21 16:00,Device_6,157.4748025,361.6172579,126.6346813,37.29781855,NORMAL,7.91.103.21
01-01-21 16:00,Device_7,182.8646191,414.6814148,97.08330572,34.31193657,NORMAL,34.102.103.6
01-01-21 16:00,Device_8,178.6076462,450.3386964,116.205197,28.34281964,NORMAL,20.101.103.7
01-01-21 16:00,Device_9,167.537785,430.5128125,112.2856992,46.21512567,NORMAL,34.91.105.99
01-01-21 16:00,Device_10,172.9237126,523.0648698,103.1247804,40.98746743,NORMAL,37.10.103.60
01-01-21 17:00,Device_10,170.2455663,438.2219534,109.9490799,40.83379035,NORMAL,37.10.103.60
01-01-21 17:00,Device_9,192.9009973,400.2615026,95.06196961,40.50348291,NORMAL,34.91.105.99
01-01-21 17:00,Device_8,167.5733057,479.0924832,105.8574325,31.88534221,NORMAL,20.101.103.7
01-01-21 17:00,Device_7,180.1801328,493.2489955,105.6765055,42.28088204,NORMAL,34.102.103.6
01-01-21 17:00,Device_6,196.0926179,519.8962366,106.6875714,40.80240239,NORMAL,7.91.103.21
01-01-21 17:00,Device_5,169.7792853,472.1506153,117.6959845,39.20790939,NORMAL,2.91.103.80
01-01-21 17:00,Device_4,157.2779886,327.2438657,103.5761952,37.03555843,NORMAL,6.91.103.90
01-01-21 17:00,Device_3,173.2226116,466.103726,87.00280796,27.64429827,NORMAL,34.91.103.95
01-01-21 17:00,Device_2,194.1082129,400.1012962,108.8372581,43.56329861,NORMAL,10.91.103.94
01-01-21 17:00,Device_1,160.2639537,448.084256,96.48097567,38.54368093,NORMAL,10.90.102.93
01-01-21 18:00,Device_1,153.3534915,490.672921,86.01244025,44.10855437,NORMAL,10.90.102.93
01-01-21 18:00,Device_2,153.540806,422.9783606,99.85481979,38.07705876,NORMAL,10.91.103.94
01-01-21 18:00,Device_3,168.0458078,521.450614,107.3676782,34.61256713,NORMAL,34.91.103.95
01-01-21 18:00,Device_4,199.3588444,437.1902937,96.84712098,45.29682825,NORMAL,6.91.103.90
01-01-21 18:00,Device_5,191.361977,419.460351,115.8498229,46.82207069,NORMAL,2.91.103.80
01-01-21 18:00,Device_6,161.1878655,484.3437899,123.7968927,39.70726032,NORMAL,7.91.103.21
01-01-21 18:00,Device_7,154.310366,502.9816939,97.79198947,41.64984423,NORMAL,34.102.103.6
01-01-21 18:00,Device_8,183.889138,452.9460971,103.6110953,40.50816013,NORMAL,20.101.103.7
01-01-21 18:00,Device_9,169.178461,315.5679879,107.3483373,39.24906863,NORMAL,34.91.105.99
01-01-21 18:00,Device_10,182.6110384,500.1828599,107.6114033,43.79715266,NORMAL,37.10.103.60
01-01-21 19:00,Device_10,178.3287868,521.9298163,98.78178526,37.63325443,NORMAL,37.10.103.60
01-01-21 19:00,Device_9,187.2523823,407.1490726,111.7879621,43.20035815,NORMAL,34.91.105.99
01-01-21 19:00,Device_8,187.6410046,406.7840514,111.040456,47.73008639,NORMAL,20.101.103.7
01-01-21 19:00,Device_7,171.594391,422.3881944,94.22978162,41.61045962,NORMAL,34.102.103.6
01-01-21 19:00,Device_6,171.7176269,521.2292792,123.6384622,38.03055048,NORMAL,7.91.103.21
01-01-21 19:00,Device_5,143.4146445,507.199115,101.1839668,38.44815773,NORMAL,2.91.103.80
01-01-21 19:00,Device_4,153.643302,460.199835,86.92228861,37.61425554,NORMAL,6.91.103.90
01-01-21 19:00,Device_3,177.7261173,486.0918141,96.82460462,36.61090722,NORMAL,34.91.103.95
01-01-21 19:00,Device_2,193.1392228,404.5587083,107.8955071,40.08980501,NORMAL,10.91.103.94
01-01-21 19:00,Device_1,182.739113,418.199252,93.48495406,41.36718973,NORMAL,10.90.102.93
01-01-21 20:00,Device_1,170.3354379,402.4611866,93.23578706,39.73988268,NORMAL,10.90.102.93
01-01-21 20:00,Device_2,168.0862276,543.8025395,91.51268123,39.40023543,NORMAL,10.91.103.94
01-01-21 20:00,Device_3,168.0457147,531.1397996,80.90882418,41.414875,NORMAL,34.91.103.95
01-01-21 20:00,Device_4,170.733787,419.2462404,98.18249778,41.50772589,NORMAL,6.91.103.90
01-01-21 20:00,Device_5,173.5966941,404.287915,83.02582378,46.85172715,NORMAL,2.91.103.80
01-01-21 20:00,Device_6,168.0933408,453.8903262,135.9703883,32.18648008,NORMAL,7.91.103.21
01-01-21 20:00,Device_7,189.6433472,564.4370354,99.57470184,44.06385715,NORMAL,34.102.103.6
01-01-21 20:00,Device_8,191.8093639,544.9764303,86.27870378,43.59778167,NORMAL,20.101.103.7
01-01-21 20:00,Device_9,175.2703355,458.0477657,102.8641196,36.74277435,NORMAL,34.91.105.99
01-01-21 20:00,Device_10,164.1213112,430.4612257,85.9527887,41.61321701,NORMAL,37.10.103.60
01-01-21 21:00,Device_10,190.9495571,426.8216668,110.9457554,38.45953695,NORMAL,37.10.103.60
01-01-21 21:00,Device_9,188.0754322,498.0739035,86.31437958,39.47942774,NORMAL,34.91.105.99
01-01-21 21:00,Device_8,136.3961897,474.0907356,86.51056926,32.27003284,NORMAL,20.101.103.7
01-01-21 21:00,Device_7,190.931693,568.301971,92.02999997,37.55293183,NORMAL,34.102.103.6
01-01-21 21:00,Device_6,166.2398938,474.3014304,119.8721146,40.21216176,NORMAL,7.91.103.21
01-01-21 21:00,Device_5,190.3014405,539.7327285,90.57735849,37.60299333,NORMAL,2.91.103.80
01-01-21 21:00,Device_4,158.0733791,453.7889143,93.93561292,36.23028857,NORMAL,6.91.103.90
01-01-21 21:00,Device_3,171.1238797,422.0063424,96.42900467,38.68462352,NORMAL,34.91.103.95
01-01-21 21:00,Device_2,169.3703588,392.5258899,100.7521674,47.02059712,NORMAL,10.91.103.94
01-01-21 21:00,Device_1,182.4671093,501.9189727,85.7626147,51.02148612,NORMAL,10.90.102.93
01-01-21 22:00,Device_1,151.3356822,444.9226565,94.24737133,42.11965209,NORMAL,10.90.102.93
01-01-21 22:00,Device_2,179.0504486,465.5116924,113.3911901,45.08295662,NORMAL,10.91.103.94
01-01-21 22:00,Device_3,178.3878636,408.9684303,113.9232102,41.50652825,NORMAL,34.91.103.95
01-01-21 22:00,Device_4,153.3816015,428.3083382,103.0969289,41.5457909,NORMAL,6.91.103.90
01-01-21 22:00,Device_5,173.7769378,352.781457,98.33705031,40.31428734,NORMAL,2.91.103.80
01-01-21 22:00,Device_6,163.43163,489.0487361,111.5340546,46.5526401,NORMAL,7.91.103.21
01-01-21 22:00,Device_7,197.7844288,489.7365922,117.9666585,41.68030046,NORMAL,34.102.103.6
01-01-21 22:00,Device_8,164.0749745,543.8099308,93.3472026,42.44099581,NORMAL,20.101.103.7
01-01-21 22:00,Device_9,179.3767696,492.6016525,97.59982013,40.68358616,NORMAL,34.91.105.99
01-01-21 22:00,Device_10,166.9179187,397.8469737,90.63758816,40.16445703,NORMAL,37.10.103.60
01-01-21 23:00,Device_10,172.9280807,523.5516745,101.171938,44.63669661,NORMAL,37.10.103.60
01-01-21 23:00,Device_9,185.4867925,362.7480223,113.701941,43.32613389,NORMAL,34.91.105.99
01-01-21 23:00,Device_8,166.40532,460.4132701,107.7951509,33.55705293,NORMAL,20.101.103.7
01-01-21 23:00,Device_7,155.3982252,458.9138702,105.1409778,41.57134319,NORMAL,34.102.103.6
01-01-21 23:00,Device_6,182.4890525,427.2969787,112.6735716,44.90385233,NORMAL,7.91.103.21
01-01-21 23:00,Device_5,173.4793879,468.2117332,101.9647206,34.94299272,NORMAL,2.91.103.80
01-01-21 23:00,Device_4,187.7612656,521.0548038,93.68114776,44.20038035,NORMAL,6.91.103.90
01-01-21 23:00,Device_3,167.0772515,383.8813567,113.8946078,40.23031931,NORMAL,34.91.103.95
01-01-21 23:00,Device_2,166.7691023,477.2269846,98.1934793,41.51600971,NORMAL,10.91.103.94
01-01-21 23:00,Device_1,172.5353962,511.8863643,91.32942907,32.24883237,NORMAL,10.90.102.93
01-02-21 0:00,Device_1,180.0974946,486.7123039,96.73391515,38.89677573,NORMAL,10.90.102.93
01-02-21 0:00,Device_2,173.1180374,469.7139989,93.72453259,48.27313029,NORMAL,10.91.103.94
01-02-21 0:00,Device_3,204.9436706,500.3294087,106.0172638,48.56769373,NORMAL,34.91.103.95
01-02-21 0:00,Device_4,165.6545486,419.732015,103.8983021,40.30602211,NORMAL,6.91.103.90
01-02-21 0:00,Device_5,200.2637471,440.0057553,103.672538,34.05107057,NORMAL,2.91.103.80
01-02-21 0:00,Device_6,172.5705278,441.3157961,91.46573212,36.27061841,NORMAL,7.91.103.21
01-02-21 0:00,Device_7,163.0044552,412.3854504,106.6682943,37.37854056,NORMAL,34.102.103.6
01-02-21 0:00,Device_8,166.9021734,426.1094911,96.20334288,33.59381619,NORMAL,20.101.103.7
01-02-21 0:00,Device_9,156.8932219,443.6308123,109.1451011,31.10290188,NORMAL,34.91.105.99
01-02-21 0:00,Device_10,160.964343,455.7077056,95.02611242,41.1903569,NORMAL,37.10.103.60
01-02-21 1:00,Device_10,174.2322853,300.0425199,92.39302766,40.24836095,NORMAL,37.10.103.60
01-02-21 1:00,Device_9,171.0336939,411.4890221,100.400936,39.96034977,NORMAL,34.91.105.99
01-02-21 1:00,Device_8,198.835466,571.1193921,94.10335487,40.30116638,NORMAL,20.101.103.7
01-02-21 1:00,Device_7,166.7275053,402.4561719,100.9526485,37.48583876,NORMAL,34.102.103.6
01-02-21 1:00,Device_6,160.6109484,490.7212719,90.04245773,42.99471888,NORMAL,7.91.103.21
01-02-21 1:00,Device_5,172.5309467,501.3988494,102.5512056,41.87376261,NORMAL,2.91.103.80
01-02-21 1:00,Device_4,171.9210469,468.9729274,93.16366968,48.672317,NORMAL,6.91.103.90
01-02-21 1:00,Device_3,163.9769846,536.4874356,100.7206285,46.31341525,NORMAL,34.91.103.95
01-02-21 1:00,Device_2,176.2515862,447.7564494,86.80035279,43.2683401,NORMAL,10.91.103.94
01-02-21 1:00,Device_1,169.6058544,519.4528121,78.88077957,40.15687491,NORMAL,10.90.102.93
01-02-21 2:00,Device_1,167.1291175,427.0507681,91.69989877,44.6423514,NORMAL,10.90.102.93
01-02-21 2:00,Device_2,168.4769465,480.8665221,84.19271195,47.3568355,NORMAL,10.91.103.94
01-02-21 2:00,Device_3,171.5847043,395.9607497,103.6742972,44.34534521,NORMAL,34.91.103.95
01-02-21 2:00,Device_4,158.7227348,413.2600948,87.24856796,38.03659292,NORMAL,6.91.103.90
01-02-21 2:00,Device_5,164.6503611,557.7644447,94.0302627,34.12602782,NORMAL,2.91.103.80
01-02-21 2:00,Device_6,177.409744,384.3112713,114.050963,35.79717347,NORMAL,7.91.103.21
01-02-21 2:00,Device_7,147.2275533,478.0026194,106.4909241,46.6725065,NORMAL,34.102.103.6
01-02-21 2:00,Device_8,158.5507899,341.3834322,103.1625133,49.86571584,NORMAL,20.101.103.7
01-02-21 2:00,Device_9,166.4917952,395.3046426,77.1281281,36.68185623,NORMAL,34.91.105.99
01-02-21 2:00,Device_10,141.9294019,444.7237527,106.100976,34.00747512,NORMAL,37.10.103.60
01-02-21 3:00,Device_10,165.2463824,471.3626984,93.19363404,40.54394658,NORMAL,37.10.103.60
01-02-21 3:00,Device_9,202.6608878,466.2015124,90.81543833,33.48097953,NORMAL,34.91.105.99
01-02-21 3:00,Device_8,177.1792326,408.8420398,104.2509884,50.25604399,NORMAL,20.101.103.7
01-02-21 3:00,Device_7,163.9816906,376.0839104,99.66129426,40.52509614,NORMAL,34.102.103.6
01-02-21 3:00,Device_6,157.6984481,518.4260908,92.49578267,38.5623222,NORMAL,7.91.103.21
01-02-21 3:00,Device_5,177.4431289,513.678257,102.96848,43.16556705,NORMAL,2.91.103.80
01-02-21 3:00,Device_4,188.6770845,370.1918218,96.41586464,43.35100552,NORMAL,6.91.103.90
01-02-21 3:00,Device_3,172.0022477,441.9875904,85.2995674,43.5191996,NORMAL,34.91.103.95
01-02-21 3:00,Device_2,163.1984513,388.5112172,83.2576185,41.60125535,NORMAL,10.91.103.94
01-02-21 3:00,Device_1,158.2714003,422.8110517,92.43913192,39.78191709,NORMAL,10.90.102.93
01-02-21 4:00,Device_1,200.8724298,403.2359508,96.53548653,32.51683764,NORMAL,10.90.102.93
01-02-21 4:00,Device_2,154.4338012,381.7749154,94.36711775,44.46037101,NORMAL,10.91.103.94
01-02-21 4:00,Device_3,169.1725477,514.053356,122.6405002,34.3119542,NORMAL,34.91.103.95
01-02-21 4:00,Device_4,157.922409,442.4506264,98.20927257,45.7957155,NORMAL,6.91.103.90
01-02-21 4:00,Device_5,190.9988436,445.5919832,97.25498806,33.31742175,NORMAL,2.91.103.80
01-02-21 4:00,Device_6,182.5481622,378.5174072,115.2031222,35.83656751,NORMAL,7.91.103.21
01-02-21 4:00,Device_7,186.9373249,445.473046,106.5956249,41.33826917,NORMAL,34.102.103.6
01-02-21 4:00,Device_8,169.1410447,428.0438022,110.6347385,42.98103445,NORMAL,20.101.103.7
01-02-21 4:00,Device_9,163.3296158,452.65884,101.9957188,38.21932159,NORMAL,34.91.105.99
01-02-21 4:00,Device_10,165.0122721,498.0205247,95.56503204,36.24917134,NORMAL,37.10.103.60
01-02-21 5:00,Device_10,155.115998,447.2047473,87.8069472,34.22185739,NORMAL,37.10.103.60
01-02-21 5:00,Device_9,159.5202872,441.3833827,101.7973836,45.61632709,NORMAL,34.91.105.99
01-02-21 5:00,Device_8,158.4402357,438.0473705,91.94818616,45.57991909,NORMAL,20.101.103.7
01-02-21 5:00,Device_7,155.373163,507.8199876,121.1598542,32.12928794,NORMAL,34.102.103.6
01-02-21 5:00,Device_6,188.3514006,507.0697167,103.2196695,43.2349745,NORMAL,7.91.103.21
01-02-21 5:00,Device_5,194.3492894,493.1719124,94.0018861,32.48373487,NORMAL,2.91.103.80
01-02-21 5:00,Device_4,207.6401455,393.7465091,115.6345021,46.05641865,NORMAL,6.91.103.90
01-02-21 5:00,Device_3,159.3024003,499.4021532,108.6177642,41.48020565,NORMAL,34.91.103.95
01-02-21 5:00,Device_2,167.5287162,445.0723009,81.40611993,36.41604404,NORMAL,10.91.103.94
01-02-21 5:00,Device_1,181.2575218,495.7779578,93.43929005,52.35587614,NORMAL,10.90.102.93
01-02-21 6:00,Device_1,197.3631245,446.9439473,114.3420608,29.52766452,NORMAL,10.90.102.93
01-02-21 6:00,Device_2,170.7573621,493.7182923,93.23760498,31.60569749,NORMAL,10.91.103.94
01-02-21 6:00,Device_3,138.7803913,476.5633148,86.69817423,39.27138162,NORMAL,34.91.103.95
01-02-21 6:00,Device_4,180.2190023,311.7315348,92.79139546,40.40069165,NORMAL,6.91.103.90
01-02-21 6:00,Device_5,142.530355,493.880332,91.45895967,39.55212318,NORMAL,2.91.103.80
01-02-21 6:00,Device_6,180.0186742,447.7564433,99.4896512,44.77598918,NORMAL,7.91.103.21
01-02-21 6:00,Device_7,169.3112381,436.3775827,131.0936035,38.04454461,NORMAL,34.102.103.6
01-02-21 6:00,Device_8,183.1888625,482.1332011,96.46427059,43.92839053,NORMAL,20.101.103.7
01-02-21 6:00,Device_9,175.1513912,499.0830119,73.44035389,44.61088566,NORMAL,34.91.105.99
01-02-21 6:00,Device_10,167.5751259,456.6957254,100.8637164,44.02658037,NORMAL,37.10.103.60
01-02-21 7:00,Device_10,143.8853228,489.6160963,101.5656334,50.19499052,NORMAL,37.10.103.60
01-02-21 7:00,Device_9,167.921589,452.0221433,98.85748277,30.4499532,NORMAL,34.91.105.99
01-02-21 7:00,Device_8,186.2880787,405.5154589,102.6673564,45.09988103,NORMAL,20.101.103.7
01-02-21 7:00,Device_7,199.0225641,513.1507044,95.48963161,39.41283024,NORMAL,34.102.103.6
01-02-21 7:00,Device_6,174.9602268,439.4143852,94.84617304,37.40600661,NORMAL,7.91.103.21
01-02-21 7:00,Device_5,178.4775312,472.5006791,113.1974339,43.86968429,NORMAL,2.91.103.80
01-02-21 7:00,Device_4,162.2142642,456.0813431,116.088479,43.62567501,NORMAL,6.91.103.90
01-02-21 7:00,Device_3,169.22965,481.1591828,94.97060766,38.90920595,NORMAL,34.91.103.95
01-02-21 7:00,Device_2,167.889657,464.6050779,105.4357151,40.03209776,NORMAL,10.91.103.94
01-02-21 7:00,Device_1,171.2008946,384.6459616,103.3732933,35.79656614,NORMAL,10.90.102.93
01-02-21 8:00,Device_1,160.5288605,486.4590561,86.94427269,42.99250944,NORMAL,10.90.102.93
01-02-21 8:00,Device_2,150.3796252,518.272512,103.0126907,39.50009907,NORMAL,10.91.103.94
01-02-21 8:00,Device_3,153.9390288,404.5700349,92.87572632,35.48515161,NORMAL,34.91.103.95
01-02-21 8:00,Device_4,165.0093758,462.9785584,103.476229,36.90932351,NORMAL,6.91.103.90
01-02-21 8:00,Device_5,173.793842,405.8444989,84.53160588,53.7519009,NORMAL,2.91.103.80
01-02-21 8:00,Device_6,166.665202,461.990775,100.8179915,37.24120054,NORMAL,7.91.103.21
01-02-21 8:00,Device_7,199.2060458,414.2642176,107.5049434,35.05887175,NORMAL,34.102.103.6
01-02-21 8:00,Device_8,170.3451279,423.6421119,92.07432106,34.54500014,NORMAL,20.101.103.7
01-02-21 8:00,Device_9,191.7585054,504.5349539,104.5374036,43.25133293,NORMAL,34.91.105.99
01-02-21 8:00,Device_10,138.7814331,552.5492411,108.6965992,46.9626471,NORMAL,37.10.103.60
01-02-21 9:00,Device_10,150.84253,468.6276253,104.8060157,34.53510802,NORMAL,37.10.103.60
01-02-21 9:00,Device_9,164.4336509,457.9624785,96.19324541,41.23021614,NORMAL,34.91.105.99
01-02-21 9:00,Device_8,176.9187651,419.6023626,100.7332508,45.17330822,NORMAL,20.101.103.7
01-02-21 9:00,Device_7,154.0081512,433.1713643,126.6452587,40.93927698,NORMAL,34.102.103.6
01-02-21 9:00,Device_6,165.2390636,427.8453844,95.12894592,43.49208797,NORMAL,7.91.103.21
01-02-21 9:00,Device_5,201.7197564,443.484774,118.2149584,42.31815824,NORMAL,2.91.103.80
01-02-21 9:00,Device_4,142.7123899,545.9615526,94.7261832,42.89297571,NORMAL,6.91.103.90
01-02-21 9:00,Device_3,179.530588,484.9220335,91.91258857,36.52128827,NORMAL,34.91.103.95
01-02-21 9:00,Device_2,168.4077256,327.6319516,105.7608456,31.24264154,NORMAL,10.91.103.94
01-02-21 9:00,Device_1,147.3006782,420.6107918,110.4089847,34.20304225,NORMAL,10.90.102.93
01-02-21 10:00,Device_1,160.4585025,412.9656956,90.7113545,36.96376626,NORMAL,10.90.102.93
01-02-21 10:00,Device_2,181.673669,393.0639528,84.85141395,39.85848606,NORMAL,10.91.103.94
01-02-21 10:00,Device_3,177.5492718,460.1354913,94.45697716,44.84287518,NORMAL,34.91.103.95
01-02-21 10:00,Device_4,166.3613573,464.2579367,104.4121767,40.78874698,NORMAL,6.91.103.90
01-02-21 10:00,Device_5,144.6060429,472.4482986,94.21431934,39.67238506,NORMAL,2.91.103.80
01-02-21 10:00,Device_6,153.3760569,458.1356829,97.02447762,38.29615799,NORMAL,7.91.103.21
01-02-21 10:00,Device_7,181.5911152,500.6097953,114.982108,37.1914717,NORMAL,34.102.103.6
01-02-21 10:00,Device_8,160.2143168,541.2573032,99.83624777,41.1574517,NORMAL,20.101.103.7
01-02-21 10:00,Device_9,215.4937276,388.6355039,110.4091016,33.17656582,NORMAL,34.91.105.99
01-02-21 10:00,Device_10,164.1110332,429.9653725,99.97941064,44.81685243,NORMAL,37.10.103.60
01-02-21 11:00,Device_10,181.0437052,432.0856949,92.93786591,36.2535161,NORMAL,37.10.103.60
01-02-21 11:00,Device_9,182.6813257,541.1564738,91.88530785,46.11189658,NORMAL,34.91.105.99
01-02-21 11:00,Device_8,168.9836241,474.5614088,92.402607,43.55240874,NORMAL,20.101.103.7
01-02-21 11:00,Device_7,216.2224316,461.2993606,86.07938969,43.61381305,NORMAL,34.102.103.6
01-02-21 11:00,Device_6,160.2432412,434.9248004,96.13212314,36.35857447,NORMAL,7.91.103.21
01-02-21 11:00,Device_5,166.8453728,456.7990609,100.7216784,38.62351784,NORMAL,2.91.103.80
01-02-21 11:00,Device_4,173.5980455,460.4590684,94.51063898,46.79489219,NORMAL,6.91.103.90
01-02-21 11:00,Device_3,164.1854306,446.0544512,94.63611372,35.71004298,NORMAL,34.91.103.95
01-02-21 11:00,Device_2,175.0994685,370.8428292,99.71969414,46.42188022,NORMAL,10.91.103.94
01-02-21 11:00,Device_1,173.394523,439.5794598,97.67582686,37.11710256,NORMAL,10.90.102.93
01-02-21 12:00,Device_1,185.2053552,445.6064467,105.9932466,47.86248424,NORMAL,10.90.102.93
01-02-21 12:00,Device_2,173.7774988,411.9067088,103.5217029,49.93237026,NORMAL,10.91.103.94
01-02-21 12:00,Device_3,157.2063069,452.5302854,100.5475136,43.80391357,NORMAL,34.91.103.95
01-02-21 12:00,Device_4,151.310059,530.580122,83.37414544,43.89568841,NORMAL,6.91.103.90
01-02-21 12:00,Device_5,174.178517,430.0097984,118.5336351,35.94258603,NORMAL,2.91.103.80
01-02-21 12:00,Device_6,194.4398927,430.7960391,101.227263,37.19106066,NORMAL,7.91.103.21
01-02-21 12:00,Device_7,193.0447417,459.9476661,98.19057864,47.56445617,NORMAL,34.102.103.6
01-02-21 12:00,Device_8,156.8390629,432.4686541,110.5455404,39.33252303,NORMAL,20.101.103.7
01-02-21 12:00,Device_9,146.3817082,413.8670251,104.3226352,41.37318328,NORMAL,34.91.105.99
01-02-21 12:00,Device_10,162.8470622,473.6335003,103.2669926,35.16871473,NORMAL,37.10.103.60
01-02-21 13:00,Device_10,162.138718,496.2079612,98.63292811,28.86157671,NORMAL,37.10.103.60
01-02-21 13:00,Device_9,161.3710978,450.3790178,100.5855672,47.39290634,NORMAL,34.91.105.99
01-02-21 13:00,Device_8,177.3580381,404.6496283,108.2226508,35.05576529,NORMAL,20.101.103.7
01-02-21 13:00,Device_7,167.1532726,424.3014505,102.0252425,36.2371625,NORMAL,34.102.103.6
01-02-21 13:00,Device_6,185.9844515,433.2610719,94.93731619,38.06984461,NORMAL,7.91.103.21
01-02-21 13:00,Device_5,171.7134974,528.1255333,100.1428315,38.1157673,NORMAL,2.91.103.80
01-02-21 13:00,Device_4,168.4175728,492.0925408,96.30335148,41.02525467,NORMAL,6.91.103.90
01-02-21 13:00,Device_3,176.6590095,490.9279993,109.1789055,43.07269831,NORMAL,34.91.103.95
01-02-21 13:00,Device_2,159.1523979,456.3850065,118.2566676,36.44485884,NORMAL,10.91.103.94
01-02-21 13:00,Device_1,173.791252,385.3549238,99.50681883,42.92133626,NORMAL,10.90.102.93
01-02-21 14:00,Device_1,152.4207753,497.8406201,101.6416915,30.66518414,NORMAL,10.90.102.93
01-02-21 14:00,Device_2,199.1196921,505.0958158,103.499362,30.69286648,NORMAL,10.91.103.94
01-02-21 14:00,Device_3,181.0556598,497.5041443,101.7388308,39.37694696,NORMAL,34.91.103.95
01-02-21 14:00,Device_4,162.2022305,511.69384,102.2531919,42.73058912,NORMAL,6.91.103.90
01-02-21 14:00,Device_5,174.7607331,411.0680668,116.3646376,44.94899782,NORMAL,2.91.103.80
01-02-21 14:00,Device_6,177.0368088,422.616381,101.7802207,39.80875868,NORMAL,7.91.103.21
01-02-21 14:00,Device_7,161.3504425,462.4353479,113.4909742,40.3275763,NORMAL,34.102.103.6
01-02-21 14:00,Device_8,184.1905074,446.4816308,105.1028584,37.50617246,NORMAL,20.101.103.7
01-02-21 14:00,Device_9,162.5544646,476.3992025,103.8182953,45.73707313,NORMAL,34.91.105.99
01-02-21 14:00,Device_10,147.4920193,478.2390687,88.94584758,36.88619042,NORMAL,37.10.103.60
01-02-21 15:00,Device_10,161.154073,485.1028069,108.9377102,36.94200793,NORMAL,37.10.103.60
01-02-21 15:00,Device_9,155.8908771,418.8388271,91.76349293,35.98620845,NORMAL,34.91.105.99
01-02-21 15:00,Device_8,163.5733347,452.0965665,94.59195845,38.46712289,NORMAL,20.101.103.7
01-02-21 15:00,Device_7,142.3402292,420.8847321,106.5782971,42.82955802,NORMAL,34.102.103.6
01-02-21 15:00,Device_6,185.6067072,471.5161311,115.2944979,40.69164148,NORMAL,7.91.103.21
01-02-21 15:00,Device_5,150.8195425,449.6971875,99.81377897,34.4841615,NORMAL,2.91.103.80
01-02-21 15:00,Device_4,181.9418353,463.4307637,78.76229498,36.43979201,NORMAL,6.91.103.90
01-02-21 15:00,Device_3,149.4191935,501.7032954,116.158379,42.63153162,NORMAL,34.91.103.95
01-02-21 15:00,Device_2,153.8429124,427.4343086,94.00863224,42.81446131,NORMAL,10.91.103.94
01-02-21 15:00,Device_1,180.0307149,486.8935931,93.7438266,43.09975844,NORMAL,10.90.102.93
01-02-21 16:00,Device_1,145.248486,495.3764492,111.9505873,37.42227213,NORMAL,10.90.102.93
01-02-21 16:00,Device_2,174.4294356,416.3328967,103.0422036,47.33807584,NORMAL,10.91.103.94
01-02-21 16:00,Device_3,169.7796454,449.6736958,102.3141096,38.93358993,NORMAL,34.91.103.95
01-02-21 16:00,Device_4,153.7209849,455.4567001,97.80995596,42.6731955,NORMAL,6.91.103.90
01-02-21 16:00,Device_5,167.214579,492.4475041,83.94585717,46.61422843,NORMAL,2.91.103.80
01-02-21 16:00,Device_6,185.504878,423.1996876,96.67890112,39.48697163,NORMAL,7.91.103.21
01-02-21 16:00,Device_7,180.1472575,476.7055425,118.013898,35.08177609,NORMAL,34.102.103.6
01-02-21 16:00,Device_8,173.9756393,506.9158796,118.1879272,39.52317575,NORMAL,20.101.103.7
01-02-21 16:00,Device_9,178.9461237,493.2100702,81.81283501,41.69728216,NORMAL,34.91.105.99
01-02-21 16:00,Device_10,183.9131279,400.1521171,89.27843076,52.87296447,NORMAL,37.10.103.60
01-02-21 17:00,Device_10,164.7361674,445.3923917,98.2485591,31.3838333,NORMAL,37.10.103.60
01-02-21 17:00,Device_9,162.670061,470.1791214,106.0548401,40.69594454,NORMAL,34.91.105.99
01-02-21 17:00,Device_8,148.0699554,440.2699723,100.5668251,36.77939634,NORMAL,20.101.103.7
01-02-21 17:00,Device_7,143.5197493,385.0548277,111.1400346,41.80783853,NORMAL,34.102.103.6
01-02-21 17:00,Device_6,148.6601134,452.9053315,110.3819916,30.36736914,NORMAL,7.91.103.21
01-02-21 17:00,Device_5,152.9223964,477.6464745,104.8567571,50.57897763,NORMAL,2.91.103.80
01-02-21 17:00,Device_4,177.3521041,409.3712506,117.9379527,32.85902324,NORMAL,6.91.103.90
01-02-21 17:00,Device_3,171.6553615,550.3325116,111.7100533,34.35797702,NORMAL,34.91.103.95
01-02-21 17:00,Device_2,162.8324566,523.3162688,87.07843583,44.8422362,NORMAL,10.91.103.94
01-02-21 17:00,Device_1,164.5122163,424.5426326,102.4855298,42.24337433,NORMAL,10.90.102.93
01-02-21 18:00,Device_1,165.2582251,493.1614285,127.0144977,45.13519397,NORMAL,10.90.102.93
01-02-21 18:00,Device_2,184.9265501,511.1540628,76.88985468,44.34921729,NORMAL,10.91.103.94
01-02-21 18:00,Device_3,157.8202987,506.2868732,105.9380587,38.9086707,NORMAL,34.91.103.95
01-02-21 18:00,Device_4,186.5204997,498.2761586,99.77588178,35.44534628,NORMAL,6.91.103.90
01-02-21 18:00,Device_5,145.9064809,391.5710422,103.0876652,44.54559635,NORMAL,2.91.103.80
01-02-21 18:00,Device_6,192.3621661,495.9475102,111.9531107,39.22262295,NORMAL,7.91.103.21
01-02-21 18:00,Device_7,155.6743991,443.0928123,96.94048706,35.91268671,NORMAL,34.102.103.6
01-02-21 18:00,Device_8,164.7596062,491.0098597,95.07399735,36.29800267,NORMAL,20.101.103.7
01-02-21 18:00,Device_9,184.1082018,526.3701696,118.0473653,44.38152719,NORMAL,34.91.105.99
01-02-21 18:00,Device_10,191.8201083,563.5831934,98.34999753,40.99699061,NORMAL,37.10.103.60
01-02-21 19:00,Device_10,161.1142431,394.4566892,97.23067938,40.225781,NORMAL,37.10.103.60
01-02-21 19:00,Device_9,153.1144168,422.8526217,92.86046156,41.8638243,NORMAL,34.91.105.99
01-02-21 19:00,Device_8,170.3016866,448.9193476,103.8998148,47.21531526,NORMAL,20.101.103.7
01-02-21 19:00,Device_7,153.9511113,455.2651013,90.34483721,41.38936062,NORMAL,34.102.103.6
01-02-21 19:00,Device_6,171.8524649,495.9201881,101.0239618,41.87703882,NORMAL,7.91.103.21
01-02-21 19:00,Device_5,160.1933387,486.0387135,96.31949176,45.37558364,NORMAL,2.91.103.80
01-02-21 19:00,Device_4,181.9231438,354.650628,95.13611409,39.81717224,NORMAL,6.91.103.90
01-02-21 19:00,Device_3,176.0270764,529.6006387,114.3376905,35.96412231,NORMAL,34.91.103.95
01-02-21 19:00,Device_2,175.8315938,483.32357,105.3858769,36.66335308,NORMAL,10.91.103.94
01-02-21 19:00,Device_1,140.7763093,432.0437733,99.82449701,31.27932091,NORMAL,10.90.102.93
01-02-21 20:00,Device_1,183.8008628,414.2742951,86.32375989,37.78983368,NORMAL,10.90.102.93
01-02-21 20:00,Device_2,172.9983986,438.4816602,90.51718406,33.82716876,NORMAL,10.91.103.94
01-02-21 20:00,Device_3,154.3947198,522.2947769,108.0292408,41.0897145,NORMAL,34.91.103.95
01-02-21 20:00,Device_4,191.4429262,437.934355,93.9974523,40.28315618,NORMAL,6.91.103.90
01-02-21 20:00,Device_5,180.3965934,497.9989679,89.5659647,39.20101415,NORMAL,2.91.103.80
01-02-21 20:00,Device_6,178.9680163,488.5326069,105.0538835,35.38001302,NORMAL,7.91.103.21
01-02-21 20:00,Device_7,149.1093563,473.1615444,77.81216333,46.05413057,NORMAL,34.102.103.6
01-02-21 20:00,Device_8,168.3145094,471.2602101,82.36928081,41.33854516,NORMAL,20.101.103.7
01-02-21 20:00,Device_9,191.0479145,502.0341556,84.131146,43.3337883,NORMAL,34.91.105.99
01-02-21 20:00,Device_10,159.8497367,439.6998462,101.7475321,38.71803117,NORMAL,37.10.103.60
01-02-21 21:00,Device_10,186.1200913,432.5145036,97.79846135,49.57992512,NORMAL,37.10.103.60
01-02-21 21:00,Device_9,142.8159404,415.8294544,89.56032555,44.42577849,NORMAL,34.91.105.99
01-02-21 21:00,Device_8,144.8480809,461.4080198,80.54225707,42.14276427,NORMAL,20.101.103.7
01-02-21 21:00,Device_7,166.5618453,477.5687638,89.18549056,37.47756497,NORMAL,34.102.103.6
01-02-21 21:00,Device_6,171.2116998,396.0638916,115.9537174,43.34383298,NORMAL,7.91.103.21
01-02-21 21:00,Device_5,154.1948086,477.4288048,105.7704239,42.38143448,NORMAL,2.91.103.80
01-02-21 21:00,Device_4,152.907309,534.972509,108.3601384,46.97758917,NORMAL,6.91.103.90
01-02-21 21:00,Device_3,168.0722908,497.1295881,100.3879248,35.04631635,NORMAL,34.91.103.95
01-02-21 21:00,Device_2,175.519711,519.3462901,93.3817582,44.15900093,NORMAL,10.91.103.94
01-02-21 21:00,Device_1,160.6569261,446.6138426,115.3133119,35.944564,NORMAL,10.90.102.93
01-02-21 22:00,Device_1,164.9894503,418.0697914,80.66828673,42.6386787,NORMAL,10.90.102.93
01-02-21 22:00,Device_2,168.0585595,437.2883651,93.86494329,40.78795326,NORMAL,10.91.103.94
01-02-21 22:00,Device_3,149.5138667,421.8329078,108.8114185,33.60775653,NORMAL,34.91.103.95
01-02-21 22:00,Device_4,185.9525662,451.8860163,110.3442941,41.5644548,NORMAL,6.91.103.90
01-02-21 22:00,Device_5,146.9666552,486.2988242,92.72030384,42.15019029,NORMAL,2.91.103.80
01-02-21 22:00,Device_6,156.2041403,567.8159517,95.50762956,40.66463713,NORMAL,7.91.103.21
01-02-21 22:00,Device_7,199.1521951,380.7070101,98.68311611,41.81133279,NORMAL,34.102.103.6
01-02-21 22:00,Device_8,171.0394195,341.1344853,105.1225788,51.26076845,NORMAL,20.101.103.7
01-02-21 22:00,Device_9,185.8027248,436.6299233,87.33882144,36.55508644,NORMAL,34.91.105.99
01-02-21 22:00,Device_10,173.5047582,455.4222702,128.9909369,38.78484074,NORMAL,37.10.103.60
01-02-21 23:00,Device_10,175.2279988,576.3593687,107.218632,47.30422347,NORMAL,37.10.103.60
01-02-21 23:00,Device_9,192.0850017,467.7113719,95.26289184,33.73487771,NORMAL,34.91.105.99
01-02-21 23:00,Device_8,186.3634517,438.8320206,81.4258583,46.18294892,NORMAL,20.101.103.7
01-02-21 23:00,Device_7,151.6035271,497.0991125,88.9223765,43.05563491,NORMAL,34.102.103.6
01-02-21 23:00,Device_6,147.5041513,409.4323587,86.52007713,43.61986377,NORMAL,7.91.103.21
01-02-21 23:00,Device_5,194.2260382,480.7959049,103.2113288,43.63739543,NORMAL,2.91.103.80
01-02-21 23:00,Device_4,160.5162512,439.9320985,87.032288,49.01760007,NORMAL,6.91.103.90
01-02-21 23:00,Device_3,140.0035271,441.3762821,113.9937795,44.04763338,NORMAL,34.91.103.95
01-02-21 23:00,Device_2,154.0838774,475.1554393,97.68881819,38.21929844,NORMAL,10.91.103.94
01-02-21 23:00,Device_1,190.9272184,437.9604413,85.26024735,40.56620182,NORMAL,10.90.102.93
01-03-21 0:00,Device_1,179.5501162,502.7874563,109.9660202,41.73069767,NORMAL,10.90.102.93
01-03-21 0:00,Device_2,157.2544399,590.1356054,97.41233616,31.62884174,NORMAL,10.91.103.94
01-03-21 0:00,Device_3,167.6759904,561.5669164,95.42782664,40.0220604,NORMAL,34.91.103.95
01-03-21 0:00,Device_4,171.9137467,422.1922644,88.98182819,40.35980861,NORMAL,6.91.103.90
01-03-21 0:00,Device_5,145.2961887,431.9583567,87.840977,41.96103531,NORMAL,2.91.103.80
01-03-21 0:00,Device_6,159.7753983,487.3995989,98.16197465,42.93713602,NORMAL,7.91.103.21
01-03-21 0:00,Device_7,155.1597344,427.3773736,101.9696714,31.63360078,NORMAL,34.102.103.6
01-03-21 0:00,Device_8,185.6407031,403.0453729,103.916068,39.62587331,NORMAL,20.101.103.7
01-03-21 0:00,Device_9,185.913448,418.8011324,99.04202921,47.03639434,NORMAL,34.91.105.99
01-03-21 0:00,Device_10,177.9384051,385.6195097,111.9986403,40.08518779,NORMAL,37.10.103.60
01-03-21 1:00,Device_10,180.5374981,426.9386161,95.66464052,42.87820791,NORMAL,37.10.103.60
01-03-21 1:00,Device_9,167.3679258,426.0591137,108.5248605,41.79946434,NORMAL,34.91.105.99
01-03-21 1:00,Device_8,177.459964,434.5544658,106.5752998,34.18079022,NORMAL,20.101.103.7
01-03-21 1:00,Device_7,161.0740311,381.6503298,102.1683057,44.60376218,NORMAL,34.102.103.6
01-03-21 1:00,Device_6,170.6183933,420.9182784,87.32120374,36.13196008,NORMAL,7.91.103.21
01-03-21 1:00,Device_5,167.5712909,442.229986,88.88779442,35.12078566,NORMAL,2.91.103.80
01-03-21 1:00,Device_4,192.7790719,452.1363284,97.78062934,38.54695109,NORMAL,6.91.103.90
01-03-21 1:00,Device_3,178.725697,454.4530058,95.514089,36.94033683,NORMAL,34.91.103.95
01-03-21 1:00,Device_2,160.9762745,448.3848902,92.7501681,42.8641323,NORMAL,10.91.103.94
01-03-21 1:00,Device_1,168.3735245,489.9108978,114.0424062,36.09265642,NORMAL,10.90.102.93
01-03-21 2:00,Device_1,177.7064417,521.8379364,101.5280331,35.46844404,NORMAL,10.90.102.93
01-03-21 2:00,Device_2,174.9591709,472.820516,104.0522927,37.19576174,NORMAL,10.91.103.94
01-03-21 2:00,Device_3,173.5918929,400.8800542,125.6005064,47.65162546,NORMAL,34.91.103.95
01-03-21 2:00,Device_4,149.5326075,452.0482559,103.8028545,38.27796632,NORMAL,6.91.103.90
01-03-21 2:00,Device_5,158.9059606,468.0439962,83.65961907,38.74722996,NORMAL,2.91.103.80
01-03-21 2:00,Device_6,143.6351211,461.4237007,101.0102963,43.55557039,NORMAL,7.91.103.21
01-03-21 2:00,Device_7,175.6194294,447.7197774,103.1776983,40.01247438,NORMAL,34.102.103.6
01-03-21 2:00,Device_8,164.1216322,454.4094013,95.74209656,47.94263094,NORMAL,20.101.103.7
01-03-21 2:00,Device_9,183.8646299,461.0678605,103.1328994,45.07162351,NORMAL,34.91.105.99
01-03-21 2:00,Device_10,166.5152155,339.9309301,105.8214575,46.5628707,NORMAL,37.10.103.60
01-03-21 3:00,Device_10,185.7621703,412.4123386,91.41512371,39.0776668,NORMAL,37.10.103.60
01-03-21 3:00,Device_9,158.3860989,435.4897878,87.03999445,40.75161781,NORMAL,34.91.105.99
01-03-21 3:00,Device_8,207.7462716,459.3990612,98.65853997,31.05262128,NORMAL,20.101.103.7
01-03-21 3:00,Device_7,164.3276123,370.2407331,122.9330779,36.19677756,NORMAL,34.102.103.6
01-03-21 3:00,Device_6,164.5430902,415.3822,86.92625938,50.79558046,NORMAL,7.91.103.21
01-03-21 3:00,Device_5,165.1752219,516.8401862,103.6564864,41.13683148,NORMAL,2.91.103.80
01-03-21 3:00,Device_4,169.6534243,431.1836993,87.70551608,39.34697462,NORMAL,6.91.103.90
01-03-21 3:00,Device_3,160.7088346,395.9003154,104.5753245,33.70947756,NORMAL,34.91.103.95
01-03-21 3:00,Device_2,155.5652847,380.9775742,93.46546628,47.85014201,NORMAL,10.91.103.94
01-03-21 3:00,Device_1,175.9890771,510.2569761,92.36287247,36.37603366,NORMAL,10.90.102.93
01-03-21 4:00,Device_1,194.9428467,418.8422713,95.89631223,47.16364845,NORMAL,10.90.102.93
01-03-21 4:00,Device_2,169.9784555,481.066325,84.78101928,35.73408563,NORMAL,10.91.103.94
01-03-21 4:00,Device_3,165.8962933,419.9264423,106.6888824,40.90266706,NORMAL,34.91.103.95
01-03-21 4:00,Device_4,186.4989059,448.1962609,96.88063895,41.00812105,NORMAL,6.91.103.90
01-03-21 4:00,Device_5,163.7384976,328.2759111,98.76998026,40.54615435,NORMAL,2.91.103.80
01-03-21 4:00,Device_6,157.108817,405.3277298,89.99402245,35.41731699,NORMAL,7.91.103.21
01-03-21 4:00,Device_7,132.0397802,470.6211139,92.40848987,46.65704174,NORMAL,34.102.103.6
01-03-21 4:00,Device_8,157.3706681,422.7940676,103.6452019,38.84307871,NORMAL,20.101.103.7
01-03-21 4:00,Device_9,152.1335355,452.5829297,111.6890394,38.17785667,NORMAL,34.91.105.99
01-03-21 4:00,Device_10,186.2866059,494.0911417,95.27026348,43.47759908,NORMAL,37.10.103.60
01-03-21 5:00,Device_10,175.9653256,524.5441815,77.41578597,34.36584235,NORMAL,37.10.103.60
01-03-21 5:00,Device_9,171.8399448,417.767213,99.39327031,37.01319426,NORMAL,34.91.105.99
01-03-21 5:00,Device_8,158.7751584,482.6442489,92.87353749,40.8049651,NORMAL,20.101.103.7
01-03-21 5:00,Device_7,167.2665819,402.118084,89.28117173,38.17447857,NORMAL,34.102.103.6
01-03-21 5:00,Device_6,178.1012348,468.9597344,115.7024048,39.96993627,NORMAL,7.91.103.21
01-03-21 5:00,Device_5,164.5440088,501.2011419,98.1485088,35.38509762,NORMAL,2.91.103.80
01-03-21 5:00,Device_4,170.4668423,444.3645352,88.99912384,35.80139526,NORMAL,6.91.103.90
01-03-21 5:00,Device_3,191.9923771,466.4870653,108.6849468,38.25527447,NORMAL,34.91.103.95
01-03-21 5:00,Device_2,181.1234655,411.5819869,103.4355489,41.33458995,NORMAL,10.91.103.94
01-03-21 5:00,Device_1,174.1384011,489.2503152,91.92630609,32.3236161,NORMAL,10.90.102.93
01-03-21 6:00,Device_1,177.5940893,459.9566698,96.65162442,52.99732688,NORMAL,10.90.102.93
01-03-21 6:00,Device_2,184.6923974,456.4823782,99.07166898,42.67361947,NORMAL,10.91.103.94
01-03-21 6:00,Device_3,211.9512242,473.040872,107.5835767,41.12844658,NORMAL,34.91.103.95
01-03-21 6:00,Device_4,190.4020512,433.9992965,99.36578966,40.89184295,NORMAL,6.91.103.90
01-03-21 6:00,Device_5,181.1564846,394.5108258,84.90863158,38.31574109,NORMAL,2.91.103.80
01-03-21 6:00,Device_6,161.7590086,536.4576391,95.5725484,41.9524583,NORMAL,7.91.103.21
01-03-21 6:00,Device_7,184.6346107,446.0000111,77.89821866,33.87123413,NORMAL,34.102.103.6
01-03-21 6:00,Device_8,158.641371,436.8924872,86.38831354,40.63946862,NORMAL,20.101.103.7
01-03-21 6:00,Device_9,181.8092351,469.5966067,99.89114667,37.15397095,NORMAL,34.91.105.99
01-03-21 6:00,Device_10,193.5093069,489.0139783,99.44354247,36.71700762,NORMAL,37.10.103.60
01-03-21 7:00,Device_10,157.5307764,365.8826697,91.75178847,34.24613175,NORMAL,37.10.103.60
01-03-21 7:00,Device_9,188.659296,545.2062045,100.0198015,50.71547456,NORMAL,34.91.105.99
01-03-21 7:00,Device_8,157.1699298,450.9581498,103.0105804,42.67612255,NORMAL,20.101.103.7
01-03-21 7:00,Device_7,175.6216515,461.147061,109.6520089,39.96740588,NORMAL,34.102.103.6
01-03-21 7:00,Device_6,160.767901,468.1046651,96.43436625,40.82096454,NORMAL,7.91.103.21
01-03-21 7:00,Device_5,151.0101379,488.0180896,101.3651583,39.09117879,NORMAL,2.91.103.80
01-03-21 7:00,Device_4,177.0273481,435.2061956,113.6660878,34.72689114,NORMAL,6.91.103.90
01-03-21 7:00,Device_3,190.7420765,388.9397438,92.93923882,38.77927533,NORMAL,34.91.103.95
01-03-21 7:00,Device_2,159.2394375,505.7818571,102.4528974,35.32245182,NORMAL,10.91.103.94
01-03-21 7:00,Device_1,175.2132796,486.4948038,104.4329622,47.87580372,NORMAL,10.90.102.93
01-03-21 8:00,Device_1,164.3414353,568.9723103,94.48853315,49.02358461,NORMAL,10.90.102.93
01-03-21 8:00,Device_2,200.8474744,398.1805867,122.4570514,42.78904019,NORMAL,10.91.103.94
01-03-21 8:00,Device_3,153.6688665,437.1332533,87.69565205,37.52893415,NORMAL,34.91.103.95
01-03-21 8:00,Device_4,178.0629259,512.0671483,96.64829555,34.17691775,NORMAL,6.91.103.90
01-03-21 8:00,Device_5,175.4066743,501.8474569,104.5086493,45.20871631,NORMAL,2.91.103.80
01-03-21 8:00,Device_6,185.994767,382.8512211,118.4465259,30.01477955,NORMAL,7.91.103.21
01-03-21 8:00,Device_7,176.033946,486.9875879,113.2760582,37.76121273,NORMAL,34.102.103.6
01-03-21 8:00,Device_8,146.8440871,490.5981624,100.8706686,43.09336167,NORMAL,20.101.103.7
01-03-21 8:00,Device_9,156.3782818,481.5536837,100.1610961,39.00419527,NORMAL,34.91.105.99
01-03-21 8:00,Device_10,165.1229826,409.1675902,99.79038561,42.20963708,NORMAL,37.10.103.60
01-03-21 9:00,Device_10,166.9708812,417.5976297,91.42010466,47.32841552,NORMAL,37.10.103.60
01-03-21 9:00,Device_9,181.5505836,519.0464621,102.7785989,43.0453288,NORMAL,34.91.105.99
01-03-21 9:00,Device_8,167.9275194,484.7460419,95.25175376,41.59548354,NORMAL,20.101.103.7
01-03-21 9:00,Device_7,168.8930497,471.9419727,83.7166825,43.20572081,NORMAL,34.102.103.6
01-03-21 9:00,Device_6,166.1147248,432.8459283,99.20580096,39.12299946,NORMAL,7.91.103.21
01-03-21 9:00,Device_5,155.6809692,461.1328775,103.36973,41.05954877,NORMAL,2.91.103.80
01-03-21 9:00,Device_4,174.4242742,484.4846282,112.7731658,37.74573583,NORMAL,6.91.103.90
01-03-21 9:00,Device_3,183.5989484,428.0760115,88.71965783,37.03428476,NORMAL,34.91.103.95
01-03-21 9:00,Device_2,187.3263874,446.0566299,106.5117549,40.1316837,NORMAL,10.91.103.94
01-03-21 9:00,Device_1,171.4642919,454.3179588,85.24660951,47.69846355,NORMAL,10.90.102.93
01-03-21 10:00,Device_1,194.5811697,448.3602591,98.39061771,50.60214119,NORMAL,10.90.102.93
01-03-21 10:00,Device_2,182.8453223,434.2135478,109.2555518,43.16288939,NORMAL,10.91.103.94
01-03-21 10:00,Device_3,168.0566925,468.6472337,106.4515279,36.39207492,NORMAL,34.91.103.95
01-03-21 10:00,Device_4,161.8781423,448.0618836,102.4395952,44.86700527,NORMAL,6.91.103.90
01-03-21 10:00,Device_5,158.4030741,477.2702252,118.8891264,41.946998,NORMAL,2.91.103.80
01-03-21 10:00,Device_6,170.7940916,358.1801633,87.17805323,43.20314305,NORMAL,7.91.103.21
01-03-21 10:00,Device_7,147.5260023,480.9500734,110.7412972,45.29315574,NORMAL,34.102.103.6
01-03-21 10:00,Device_8,130.0743628,340.8499742,94.5785142,44.8434306,NORMAL,20.101.103.7
01-03-21 10:00,Device_9,178.541447,435.3764146,78.83188642,43.51294527,NORMAL,34.91.105.99
01-03-21 10:00,Device_10,147.5387163,351.2242973,96.2912154,46.79259377,NORMAL,37.10.103.60
01-03-21 11:00,Device_10,169.2653442,535.0598947,89.64219663,37.50885341,NORMAL,37.10.103.60
01-03-21 11:00,Device_9,159.6521013,426.4932913,99.90224913,43.12464993,NORMAL,34.91.105.99
01-03-21 11:00,Device_8,175.0207547,441.5331561,116.5549954,43.28600055,NORMAL,20.101.103.7
01-03-21 11:00,Device_7,179.5576734,482.493363,86.89762866,44.56105056,NORMAL,34.102.103.6
01-03-21 11:00,Device_6,169.4587813,461.7314016,98.79803242,50.01190067,NORMAL,7.91.103.21
01-03-21 11:00,Device_5,170.4942312,438.7480206,81.14259507,46.80868898,NORMAL,2.91.103.80
01-03-21 11:00,Device_4,182.9369333,543.4212982,106.8029345,40.55932657,NORMAL,6.91.103.90
01-03-21 11:00,Device_3,166.2790903,323.3141196,106.9062685,34.75682962,NORMAL,34.91.103.95
01-03-21 11:00,Device_2,185.1599222,438.7141396,98.84210707,37.62690334,NORMAL,10.91.103.94
01-03-21 11:00,Device_1,156.8661129,405.8698402,98.6408163,54.69816262,NORMAL,10.90.102.93
01-03-21 12:00,Device_1,171.8264,439.8414888,87.87487125,55.76809656,NORMAL,10.90.102.93
01-03-21 12:00,Device_2,182.836896,481.1352113,112.835998,41.30677177,NORMAL,10.91.103.94
01-03-21 12:00,Device_3,166.2994218,446.8703357,93.34961814,46.85131748,NORMAL,34.91.103.95
01-03-21 12:00,Device_4,166.1886059,475.0653608,108.7438028,41.41497039,NORMAL,6.91.103.90
01-03-21 12:00,Device_5,177.8566712,407.6054391,96.30857445,37.72133811,NORMAL,2.91.103.80
01-03-21 12:00,Device_6,179.7345987,394.0559512,93.72245063,41.77704525,NORMAL,7.91.103.21
01-03-21 12:00,Device_7,171.3005624,497.8398073,107.9517939,36.35960022,NORMAL,34.102.103.6
01-03-21 12:00,Device_8,155.1869002,435.2586642,111.0251014,35.36382935,NORMAL,20.101.103.7
01-03-21 12:00,Device_9,153.544496,533.5275063,99.91772813,36.57145212,NORMAL,34.91.105.99
01-03-21 12:00,Device_10,177.1282143,410.7482858,103.2326538,41.9405195,NORMAL,37.10.103.60
01-03-21 13:00,Device_10,123.2010035,504.0682112,94.51021528,40.60832798,NORMAL,37.10.103.60
01-03-21 13:00,Device_9,163.5218156,458.1907175,129.6817791,42.10902734,NORMAL,34.91.105.99
01-03-21 13:00,Device_8,161.610337,459.9018338,85.16619073,37.8639794,NORMAL,20.101.103.7
01-03-21 13:00,Device_7,191.1452673,485.8744867,94.61765383,43.03384679,NORMAL,34.102.103.6
01-03-21 13:00,Device_6,162.9000821,442.9339929,99.49957169,35.95167226,NORMAL,7.91.103.21
01-03-21 13:00,Device_5,168.6219179,364.5292366,97.38656009,34.42782367,NORMAL,2.91.103.80
01-03-21 13:00,Device_4,160.9336087,427.1703252,104.3673726,51.43413107,NORMAL,6.91.103.90
01-03-21 13:00,Device_3,159.1603452,456.7984723,94.64114007,43.28328693,NORMAL,34.91.103.95
01-03-21 13:00,Device_2,189.5659708,448.6116663,105.873488,40.13953341,NORMAL,10.91.103.94
01-03-21 13:00,Device_1,190.4319599,427.6758878,116.0084041,55.06211046,NORMAL,10.90.102.93
01-03-21 14:00,Device_1,166.4806837,487.4226764,90.42389187,66.76451473,FAILED,10.90.102.93
01-03-21 14:00,Device_2,186.5532735,405.9148312,103.7539649,41.5168537,NORMAL,10.91.103.94
01-03-21 14:00,Device_3,155.2901735,531.7733481,115.9463705,36.62216562,NORMAL,34.91.103.95
01-03-21 14:00,Device_4,168.708054,434.664822,119.5918649,41.77233933,NORMAL,6.91.103.90
01-03-21 14:00,Device_5,185.0121069,484.2485712,97.13865807,37.8563594,NORMAL,2.91.103.80
01-03-21 14:00,Device_6,160.0660752,404.1619382,92.87793393,45.14873299,NORMAL,7.91.103.21
01-03-21 14:00,Device_7,173.861248,446.5727667,99.52920346,38.58119158,NORMAL,34.102.103.6
01-03-21 14:00,Device_8,149.8305151,475.4116378,91.77812733,40.49710961,NORMAL,20.101.103.7
01-03-21 14:00,Device_9,195.1001621,562.7533151,119.2163225,38.28840742,NORMAL,34.91.105.99
01-03-21 14:00,Device_10,183.0761979,420.4169746,90.5150266,43.41697279,NORMAL,37.10.103.60
01-03-21 15:00,Device_10,175.9234447,517.5854015,99.42641108,35.09529736,NORMAL,37.10.103.60
01-03-21 15:00,Device_9,167.9510573,355.011277,94.71276882,38.51041271,NORMAL,34.91.105.99
01-03-21 15:00,Device_8,189.9006741,387.532581,85.3544846,38.08616836,NORMAL,20.101.103.7
01-03-21 15:00,Device_7,159.9686976,474.4816949,118.4919375,37.433051,NORMAL,34.102.103.6
01-03-21 15:00,Device_6,146.8438652,422.9992561,105.1876686,51.44081429,NORMAL,7.91.103.21
01-03-21 15:00,Device_5,175.4180541,451.3838858,108.3117104,32.67031118,NORMAL,2.91.103.80
01-03-21 15:00,Device_4,162.3142566,431.2263708,93.21341817,48.47072536,NORMAL,6.91.103.90
01-03-21 15:00,Device_3,178.0666318,428.3690767,106.0580529,39.8170955,NORMAL,34.91.103.95
01-03-21 15:00,Device_2,169.5316314,449.8845131,95.4589843,45.04143488,NORMAL,10.91.103.94
01-03-21 15:00,Device_1,154.1992579,469.8543126,85.75554623,47.94679272,NORMAL,10.90.102.93
01-03-21 16:00,Device_1,156.9532459,462.0241817,106.3467179,48.82030086,NORMAL,10.90.102.93
01-03-21 16:00,Device_2,162.8760151,440.1409062,91.8239604,40.51887602,NORMAL,10.91.103.94
01-03-21 16:00,Device_3,179.1425846,410.2012123,95.37510749,44.77729002,NORMAL,34.91.103.95
01-03-21 16:00,Device_4,146.1736691,525.574958,98.01979975,39.60645762,NORMAL,6.91.103.90
01-03-21 16:00,Device_5,166.387308,387.6682455,100.5620954,43.24470684,NORMAL,2.91.103.80
01-03-21 16:00,Device_6,181.3252651,388.7123105,99.11135215,40.76488887,NORMAL,7.91.103.21
01-03-21 16:00,Device_7,173.2778611,489.3663895,105.795012,38.53526965,NORMAL,34.102.103.6
01-03-21 16:00,Device_8,197.0719735,445.9827127,117.8584744,45.64388774,NORMAL,20.101.103.7
01-03-21 16:00,Device_9,164.4698731,417.2585134,113.4859471,37.63451121,NORMAL,34.91.105.99
01-03-21 16:00,Device_10,171.1351284,508.0868592,83.26490039,36.82167301,NORMAL,37.10.103.60
01-03-21 17:00,Device_10,165.4135553,465.6842274,103.3110294,39.33277433,NORMAL,37.10.103.60
01-03-21 17:00,Device_9,163.362167,476.0331202,87.48362191,46.61321762,NORMAL,34.91.105.99
01-03-21 17:00,Device_8,162.7988074,462.180412,102.2509305,42.69391965,NORMAL,20.101.103.7
01-03-21 17:00,Device_7,192.8379435,458.2133047,99.80953301,40.07858915,NORMAL,34.102.103.6
01-03-21 17:00,Device_6,174.4305278,403.4929169,100.3417096,37.71776178,NORMAL,7.91.103.21
01-03-21 17:00,Device_5,193.1737691,394.6754639,95.35310423,42.72383055,NORMAL,2.91.103.80
01-03-21 17:00,Device_4,138.0573479,453.8046243,112.7364936,38.63769818,NORMAL,6.91.103.90
01-03-21 17:00,Device_3,208.029632,450.2512039,94.59285153,44.56915184,NORMAL,34.91.103.95
01-03-21 17:00,Device_2,155.2095327,471.3398752,97.90326515,34.75834464,NORMAL,10.91.103.94
01-03-21 17:00,Device_1,164.1480946,429.8221435,104.5321236,43.78868155,NORMAL,10.90.102.93
01-03-21 18:00,Device_1,157.2897489,416.0350041,93.10698556,48.41435912,NORMAL,10.90.102.93
01-03-21 18:00,Device_2,184.6134468,502.1659261,100.7101612,38.58422591,NORMAL,10.91.103.94
01-03-21 18:00,Device_3,195.4055947,482.5308511,109.7681208,32.83370384,NORMAL,34.91.103.95
01-03-21 18:00,Device_4,166.1159777,516.1060027,84.52954812,40.5322368,NORMAL,6.91.103.90
01-03-21 18:00,Device_5,157.847173,493.1153651,103.0101287,41.04670694,NORMAL,2.91.103.80
01-03-21 18:00,Device_6,195.0137752,476.3974538,98.37292609,31.56455701,NORMAL,7.91.103.21
01-03-21 18:00,Device_7,174.3797466,404.7814177,88.36920057,38.3974047,NORMAL,34.102.103.6
01-03-21 18:00,Device_8,169.2414964,424.8381541,103.5516512,43.57275597,NORMAL,20.101.103.7
01-03-21 18:00,Device_9,148.7017348,407.688999,102.9081607,40.2638138,NORMAL,34.91.105.99
01-03-21 18:00,Device_10,202.9824842,511.8475469,93.49186697,38.55196962,NORMAL,37.10.103.60
01-03-21 19:00,Device_10,153.0264054,441.6112344,118.3070178,43.75258984,NORMAL,37.10.103.60
01-03-21 19:00,Device_9,149.4440893,476.9283809,96.52508884,43.80402224,NORMAL,34.91.105.99
01-03-21 19:00,Device_8,187.1580136,500.932026,102.677013,37.28443571,NORMAL,20.101.103.7
01-03-21 19:00,Device_7,150.9621672,362.4031336,89.230724,44.02813551,NORMAL,34.102.103.6
01-03-21 19:00,Device_6,175.936323,575.2551198,109.1703065,44.71707792,NORMAL,7.91.103.21
01-03-21 19:00,Device_5,183.2005769,531.8389123,105.5742676,52.3818816,NORMAL,2.91.103.80
01-03-21 19:00,Device_4,185.7728982,513.5846891,105.171027,42.96436215,NORMAL,6.91.103.90
01-03-21 19:00,Device_3,155.4896039,397.1065587,97.10835614,40.85232043,NORMAL,34.91.103.95
01-03-21 19:00,Device_2,170.8815911,473.9032635,118.7417108,28.22709317,NORMAL,10.91.103.94
01-03-21 19:00,Device_1,166.0904091,425.8034313,87.68541785,57.92805735,NORMAL,10.90.102.93
01-03-21 20:00,Device_1,163.7837044,520.5826944,97.16098389,56.44248773,NORMAL,10.90.102.93
01-03-21 20:00,Device_2,177.0308262,508.4508462,92.20851606,36.98383501,NORMAL,10.91.103.94
01-03-21 20:00,Device_3,165.4672621,457.7199658,109.3468537,50.16030554,NORMAL,34.91.103.95
01-03-21 20:00,Device_4,176.0004803,466.2467791,110.7813024,39.37231476,NORMAL,6.91.103.90
01-03-21 20:00,Device_5,152.370235,439.9805174,91.46858478,32.76302187,NORMAL,2.91.103.80
01-03-21 20:00,Device_6,135.0073466,462.937949,86.78810116,48.07115977,NORMAL,7.91.103.21
01-03-21 20:00,Device_7,158.6106977,415.6927705,99.7961992,38.27482426,NORMAL,34.102.103.6
01-03-21 20:00,Device_8,196.1799073,364.7990993,103.9111607,35.57006105,NORMAL,20.101.103.7
01-03-21 20:00,Device_9,167.963879,436.7039378,92.26017907,45.8065585,NORMAL,34.91.105.99
01-03-21 20:00,Device_10,144.6970986,516.7048388,81.08015434,33.88355397,NORMAL,37.10.103.60
01-03-21 21:00,Device_10,183.9394381,414.1891471,104.066829,43.64660359,NORMAL,37.10.103.60
01-03-21 21:00,Device_9,194.140962,392.8651877,105.3423,39.70248437,NORMAL,34.91.105.99
01-03-21 21:00,Device_8,168.4148558,436.0294602,100.811247,37.52289184,NORMAL,20.101.103.7
01-03-21 21:00,Device_7,168.5799857,521.1701932,106.9617007,30.81369192,NORMAL,34.102.103.6
01-03-21 21:00,Device_6,172.4324273,419.1862324,96.63461939,44.44556179,NORMAL,7.91.103.21
01-03-21 21:00,Device_5,167.1927341,440.4962763,107.5926948,45.64787659,NORMAL,2.91.103.80
01-03-21 21:00,Device_4,164.722355,435.6577306,101.7727713,36.87163425,NORMAL,6.91.103.90
01-03-21 21:00,Device_3,182.1958136,470.6874379,101.2987915,34.01862068,NORMAL,34.91.103.95
01-03-21 21:00,Device_2,170.9234049,389.5255348,103.5388991,43.85908084,NORMAL,10.91.103.94
01-03-21 21:00,Device_1,167.254238,382.541315,104.485227,39.27356747,NORMAL,10.90.102.93
01-03-21 22:00,Device_1,176.1058415,428.3258218,107.2668715,52.36467547,NORMAL,10.90.102.93
01-03-21 22:00,Device_2,188.6673214,438.8590572,99.56092166,50.28084948,NORMAL,10.91.103.94
01-03-21 22:00,Device_3,147.4421963,457.1173672,96.42235631,43.14863003,NORMAL,34.91.103.95
01-03-21 22:00,Device_4,152.2853536,431.3510142,105.7367056,45.37625637,NORMAL,6.91.103.90
01-03-21 22:00,Device_5,165.8784225,469.8405331,110.0838283,36.67476889,NORMAL,2.91.103.80
01-03-21 22:00,Device_6,178.17181,371.1698759,90.71240226,41.92216656,NORMAL,7.91.103.21
01-03-21 22:00,Device_7,176.8871451,414.5070593,102.4826504,39.58255003,NORMAL,34.102.103.6
01-03-21 22:00,Device_8,183.7467072,502.2456131,94.01688536,36.61690106,NORMAL,20.101.103.7
01-03-21 22:00,Device_9,174.0904274,433.8252946,106.1550687,33.50515214,NORMAL,34.91.105.99
01-03-21 22:00,Device_10,197.1226435,450.9533514,110.3580055,33.52545698,NORMAL,37.10.103.60
01-03-21 23:00,Device_10,162.5525023,433.364514,92.00702925,36.10622082,NORMAL,37.10.103.60
01-03-21 23:00,Device_9,159.4955928,387.8111337,107.8866669,24.76526237,NORMAL,34.91.105.99
01-03-21 23:00,Device_8,179.2847692,461.2410642,96.78851396,35.47951227,NORMAL,20.101.103.7
01-03-21 23:00,Device_7,179.6465676,445.4585266,115.7886687,38.03497738,NORMAL,34.102.103.6
01-03-21 23:00,Device_6,144.0112091,436.8621975,78.2649324,45.19056649,NORMAL,7.91.103.21
01-03-21 23:00,Device_5,188.8949181,400.4361796,103.4751362,37.67861273,NORMAL,2.91.103.80
01-03-21 23:00,Device_4,205.2898659,504.4617613,90.2667204,43.71810707,NORMAL,6.91.103.90
01-03-21 23:00,Device_3,160.379659,423.8956097,90.62276026,36.69829337,NORMAL,34.91.103.95
01-03-21 23:00,Device_2,194.2278268,415.9421343,93.7900563,39.49309294,NORMAL,10.91.103.94
01-03-21 23:00,Device_1,179.3694969,374.1271481,87.73743523,49.15397246,NORMAL,10.90.102.93
01-04-21 0:00,Device_1,195.1730862,436.1736201,103.8332384,49.94710205,NORMAL,10.90.102.93
01-04-21 0:00,Device_2,166.5044931,539.7112678,111.3512376,43.6931072,NORMAL,10.91.103.94
01-04-21 0:00,Device_3,183.3291737,479.2710709,84.05940387,44.99739194,NORMAL,34.91.103.95
01-04-21 0:00,Device_4,152.386133,392.1434098,96.4917269,36.93763692,NORMAL,6.91.103.90
01-04-21 0:00,Device_5,180.7526168,436.0838374,92.55666924,39.52010871,NORMAL,2.91.103.80
01-04-21 0:00,Device_6,167.6316459,390.6694024,103.2773798,32.25340869,NORMAL,7.91.103.21
01-04-21 0:00,Device_7,153.4482058,432.3051741,102.7313473,37.13545338,NORMAL,34.102.103.6
01-04-21 0:00,Device_8,187.8517142,411.7634802,107.8698578,39.53281742,NORMAL,20.101.103.7
01-04-21 0:00,Device_9,187.0523348,402.7255568,102.2784374,32.85047605,NORMAL,34.91.105.99
01-04-21 0:00,Device_10,169.8142497,436.2456126,100.1483021,45.15247102,NORMAL,37.10.103.60
01-04-21 1:00,Device_10,157.7384221,326.8200883,91.79693502,36.90482534,NORMAL,37.10.103.60
01-04-21 1:00,Device_9,172.8087783,505.1861634,97.08719272,44.1343704,NORMAL,34.91.105.99
01-04-21 1:00,Device_8,202.1567006,419.6924586,100.130706,37.1627767,NORMAL,20.101.103.7
01-04-21 1:00,Device_7,175.442104,478.5814333,107.9708585,34.86343758,NORMAL,34.102.103.6
01-04-21 1:00,Device_6,132.315281,391.0040083,104.1500184,40.75383791,NORMAL,7.91.103.21
01-04-21 1:00,Device_5,177.8988169,446.176892,85.55707604,30.63903824,NORMAL,2.91.103.80
01-04-21 1:00,Device_4,158.1795173,490.5445249,95.9627545,44.17860544,NORMAL,6.91.103.90
01-04-21 1:00,Device_3,190.2732855,505.5915645,100.8548061,42.58193512,NORMAL,34.91.103.95
01-04-21 1:00,Device_2,182.7608224,463.0957138,102.9462783,41.95306558,NORMAL,10.91.103.94
01-04-21 1:00,Device_1,168.9695952,467.2859046,117.1482273,58.39205017,NORMAL,10.90.102.93
01-04-21 2:00,Device_1,165.1874013,475.1269368,114.584421,57.54901573,NORMAL,10.90.102.93
01-04-21 2:00,Device_2,199.6813997,433.4244883,104.4417745,42.02673378,NORMAL,10.91.103.94
01-04-21 2:00,Device_3,169.6642706,386.6241018,116.6094285,34.87559054,NORMAL,34.91.103.95
01-04-21 2:00,Device_4,156.5807029,342.2334839,104.5850486,42.81001693,NORMAL,6.91.103.90
01-04-21 2:00,Device_5,157.1579438,487.943239,106.706652,34.73189788,NORMAL,2.91.103.80
01-04-21 2:00,Device_6,185.1199003,426.1940756,115.7929805,38.01616338,NORMAL,7.91.103.21
01-04-21 2:00,Device_7,165.0866755,309.2979394,89.78804768,46.50104547,NORMAL,34.102.103.6
01-04-21 2:00,Device_8,195.7005095,501.3799816,98.57153256,42.25828737,NORMAL,20.101.103.7
01-04-21 2:00,Device_9,198.8803083,408.0284951,104.7519679,41.07772076,NORMAL,34.91.105.99
01-04-21 2:00,Device_10,174.7679422,467.5361377,102.2224612,30.60746224,NORMAL,37.10.103.60
01-04-21 3:00,Device_10,178.3186492,421.1352318,95.76308843,43.46024929,NORMAL,37.10.103.60
01-04-21 3:00,Device_9,143.9376312,396.3237363,107.8851539,45.63400724,NORMAL,34.91.105.99
01-04-21 3:00,Device_8,176.8152299,537.721358,104.828743,45.03577848,NORMAL,20.101.103.7
01-04-21 3:00,Device_7,157.6526187,417.749555,106.7142084,35.05869821,NORMAL,34.102.103.6
01-04-21 3:00,Device_6,192.3871825,419.0465431,88.01116239,37.44429676,NORMAL,7.91.103.21
01-04-21 3:00,Device_5,169.1177584,429.2553679,103.5176601,39.51908271,NORMAL,2.91.103.80
01-04-21 3:00,Device_4,176.6090236,339.0135039,89.73623019,37.83565893,NORMAL,6.91.103.90
01-04-21 3:00,Device_3,176.5597356,520.4659282,90.51849989,42.12021797,NORMAL,34.91.103.95
01-04-21 3:00,Device_2,179.8159776,431.3766439,85.50062304,37.98698056,NORMAL,10.91.103.94
01-04-21 3:00,Device_1,192.0650858,506.5951286,113.6723006,57.80916166,NORMAL,10.90.102.93
01-04-21 4:00,Device_1,195.564941,384.1389048,106.5528278,49.65739163,NORMAL,10.90.102.93
01-04-21 4:00,Device_2,175.4004972,406.0229776,103.2704138,33.14459107,NORMAL,10.91.103.94
01-04-21 4:00,Device_3,170.5087405,440.6071054,98.17459079,46.35990541,NORMAL,34.91.103.95
01-04-21 4:00,Device_4,172.6404872,417.7478211,87.06087518,41.46505477,NORMAL,6.91.103.90
01-04-21 4:00,Device_5,132.2763547,433.3068973,105.0317678,40.16922558,NORMAL,2.91.103.80
01-04-21 4:00,Device_6,180.5556704,475.4365609,97.78449696,29.89486925,NORMAL,7.91.103.21
01-04-21 4:00,Device_7,159.4020131,356.6805146,105.9552284,32.71980311,NORMAL,34.102.103.6
01-04-21 4:00,Device_8,165.4304522,514.3619664,95.75081805,29.06352475,NORMAL,20.101.103.7
01-04-21 4:00,Device_9,147.9005791,405.6355068,100.2096144,43.90949336,NORMAL,34.91.105.99
01-04-21 4:00,Device_10,173.9212888,346.7460612,115.8766559,41.90237073,NORMAL,37.10.103.60
01-04-21 5:00,Device_10,159.1317653,455.1072209,91.34654723,35.07054219,NORMAL,37.10.103.60
01-04-21 5:00,Device_9,175.6968385,476.810904,108.9868495,34.51627353,NORMAL,34.91.105.99
01-04-21 5:00,Device_8,172.5011174,431.3812702,99.30593496,37.48788815,NORMAL,20.101.103.7
01-04-21 5:00,Device_7,169.6266326,499.8363909,96.22459213,50.00950222,NORMAL,34.102.103.6
01-04-21 5:00,Device_6,174.1036049,393.7998155,115.509379,34.58440594,NORMAL,7.91.103.21
01-04-21 5:00,Device_5,155.596905,441.7223873,95.89350549,30.36504556,NORMAL,2.91.103.80
01-04-21 5:00,Device_4,162.7210468,449.1113965,89.6761392,36.3268634,NORMAL,6.91.103.90
01-04-21 5:00,Device_3,156.6957629,466.4927581,97.6889066,43.84966048,NORMAL,34.91.103.95
01-04-21 5:00,Device_2,157.4366378,495.5683038,102.419677,43.02154639,NORMAL,10.91.103.94
01-04-21 5:00,Device_1,170.6486606,464.1897259,103.7429474,58.45766734,NORMAL,10.90.102.93
01-04-21 6:00,Device_1,165.0101402,448.4688379,97.70962953,48.23894111,NORMAL,10.90.102.93
01-04-21 6:00,Device_2,170.4405696,485.3211972,100.3759138,41.51067475,NORMAL,10.91.103.94
01-04-21 6:00,Device_3,152.5779264,362.7031705,93.17644247,42.71520322,NORMAL,34.91.103.95
01-04-21 6:00,Device_4,158.087725,386.6076922,81.38691679,36.71887494,NORMAL,6.91.103.90
01-04-21 6:00,Device_5,164.9228513,506.2422179,107.9656004,38.73413619,NORMAL,2.91.103.80
01-04-21 6:00,Device_6,183.0163311,384.9618075,102.3216153,31.5150621,NORMAL,7.91.103.21
01-04-21 6:00,Device_7,165.445276,534.9674381,100.2904212,41.18388498,NORMAL,34.102.103.6
01-04-21 6:00,Device_8,175.2105524,401.2884636,95.02528773,43.99881863,NORMAL,20.101.103.7
01-04-21 6:00,Device_9,180.5903577,539.7214839,113.937464,48.3552538,NORMAL,34.91.105.99
01-04-21 6:00,Device_10,136.8132332,443.4553904,104.2038955,34.73137979,NORMAL,37.10.103.60
01-04-21 7:00,Device_10,149.1218054,418.3042956,106.2782951,37.10638899,NORMAL,37.10.103.60
01-04-21 7:00,Device_9,163.4901054,450.6180935,99.35882821,38.47215905,NORMAL,34.91.105.99
01-04-21 7:00,Device_8,185.4987251,473.5556054,100.3388494,40.6846388,NORMAL,20.101.103.7
01-04-21 7:00,Device_7,172.5933373,523.4162763,109.587972,45.76989126,NORMAL,34.102.103.6
01-04-21 7:00,Device_6,165.3331858,411.1085146,112.3950958,36.77055087,NORMAL,7.91.103.21
01-04-21 7:00,Device_5,198.9294304,406.188477,109.3283342,36.0577795,NORMAL,2.91.103.80
01-04-21 7:00,Device_4,174.8598433,374.4914301,106.3055692,41.87413888,NORMAL,6.91.103.90
01-04-21 7:00,Device_3,184.377614,476.0106081,78.54116187,37.83743383,NORMAL,34.91.103.95
01-04-21 7:00,Device_2,168.7542725,380.9268407,124.248892,40.88589584,NORMAL,10.91.103.94
01-04-21 7:00,Device_1,142.6664687,433.2794987,118.8534524,54.84873059,NORMAL,10.90.102.93
01-04-21 8:00,Device_1,191.168936,479.6151363,101.9996629,52.8825673,NORMAL,10.90.102.93
01-04-21 8:00,Device_2,148.5042746,472.2180332,119.3929164,38.2843836,NORMAL,10.91.103.94
01-04-21 8:00,Device_3,174.5943096,440.5896951,104.7479791,38.81225635,NORMAL,34.91.103.95
01-04-21 8:00,Device_4,167.6169823,517.4259618,93.20607098,41.56992062,NORMAL,6.91.103.90
01-04-21 8:00,Device_5,148.6990523,485.5902549,100.8833987,36.07163217,NORMAL,2.91.103.80
01-04-21 8:00,Device_6,161.8201534,373.221611,102.826526,41.89160642,NORMAL,7.91.103.21
01-04-21 8:00,Device_7,179.7481474,469.6786136,89.22864562,45.14257293,NORMAL,34.102.103.6
01-04-21 8:00,Device_8,156.5133119,338.8886967,81.55119351,42.94897391,NORMAL,20.101.103.7
01-04-21 8:00,Device_9,182.9986065,400.9328141,101.2585384,36.65672276,NORMAL,34.91.105.99
01-04-21 8:00,Device_10,158.1384275,460.1081049,106.6326303,46.12177863,NORMAL,37.10.103.60
01-04-21 9:00,Device_10,135.8033798,481.8798301,122.7986386,37.15361051,NORMAL,37.10.103.60
01-04-21 9:00,Device_9,193.153915,415.9652351,103.1283397,27.32116597,NORMAL,34.91.105.99
01-04-21 9:00,Device_8,158.8619805,470.7002475,85.45077982,31.64076523,NORMAL,20.101.103.7
01-04-21 9:00,Device_7,142.9567663,427.0240352,103.341207,43.9025753,NORMAL,34.102.103.6
01-04-21 9:00,Device_6,158.2516956,444.1362817,114.0327922,40.65814483,NORMAL,7.91.103.21
01-04-21 9:00,Device_5,159.4852983,454.2678335,100.7148167,43.27213419,NORMAL,2.91.103.80
01-04-21 9:00,Device_4,182.2252084,448.4016053,93.96369745,41.13004419,NORMAL,6.91.103.90
01-04-21 9:00,Device_3,170.2343869,305.2835037,94.27125894,40.17622279,NORMAL,34.91.103.95
01-04-21 9:00,Device_2,160.881247,480.7722299,94.59831163,34.32530713,NORMAL,10.91.103.94
01-04-21 9:00,Device_1,157.4362635,438.0913114,113.1009147,53.69554359,NORMAL,10.90.102.93
01-04-21 10:00,Device_1,153.1435581,440.1626846,94.52489372,57.41107765,NORMAL,10.90.102.93
01-04-21 10:00,Device_2,161.1505979,445.9237312,119.4726932,54.32282478,NORMAL,10.91.103.94
01-04-21 10:00,Device_3,179.5533703,515.3591549,100.3191076,41.00363834,NORMAL,34.91.103.95
01-04-21 10:00,Device_4,145.3360279,418.2789504,91.61722609,45.11276552,NORMAL,6.91.103.90
01-04-21 10:00,Device_5,172.1640114,452.1638387,107.4829402,42.53454506,NORMAL,2.91.103.80
01-04-21 10:00,Device_6,164.2995567,371.5522875,99.71165678,38.05605685,NORMAL,7.91.103.21
01-04-21 10:00,Device_7,145.9212772,407.6937913,105.3595621,42.30095581,NORMAL,34.102.103.6
01-04-21 10:00,Device_8,191.3007041,439.0989308,103.2513361,46.07615322,NORMAL,20.101.103.7
01-04-21 10:00,Device_9,163.6982689,404.2128012,97.42580618,37.45195033,NORMAL,34.91.105.99
01-04-21 10:00,Device_10,155.9495024,355.0579414,111.0766268,40.28100841,NORMAL,37.10.103.60
01-04-21 11:00,Device_10,144.4382659,420.3514736,98.72230404,41.03032295,NORMAL,37.10.103.60
01-04-21 11:00,Device_9,158.8558357,340.1348601,98.94402658,48.62462819,NORMAL,34.91.105.99
01-04-21 11:00,Device_8,166.8589117,475.8268993,97.74724221,36.5519037,NORMAL,20.101.103.7
01-04-21 11:00,Device_7,161.3456477,393.333751,78.95619899,32.1948563,NORMAL,34.102.103.6
01-04-21 11:00,Device_6,180.8128977,428.7659289,102.733937,39.68855813,NORMAL,7.91.103.21
01-04-21 11:00,Device_5,183.0132454,470.9960543,96.45133123,40.41066082,NORMAL,2.91.103.80
01-04-21 11:00,Device_4,163.3292007,499.8813753,105.260044,39.92874,NORMAL,6.91.103.90
01-04-21 11:00,Device_3,183.9491332,493.3663556,101.1053678,40.54476558,NORMAL,34.91.103.95
01-04-21 11:00,Device_2,171.9049853,442.842251,91.86608923,44.05413875,NORMAL,10.91.103.94
01-04-21 11:00,Device_1,215.6564883,458.0977462,95.03627986,51.64798081,NORMAL,10.90.102.93
01-04-21 12:00,Device_1,173.5253196,421.7283893,100.6175273,50.45829652,NORMAL,10.90.102.93
01-04-21 12:00,Device_2,177.0551201,440.6019605,101.909739,41.96423744,NORMAL,10.91.103.94
01-04-21 12:00,Device_3,210.5906233,434.4812725,114.6303145,40.89101212,NORMAL,34.91.103.95
01-04-21 12:00,Device_4,148.9656095,431.1177798,100.5182926,44.60009555,NORMAL,6.91.103.90
01-04-21 12:00,Device_5,180.1762385,444.7615707,85.91285689,29.7656629,NORMAL,2.91.103.80
01-04-21 12:00,Device_6,172.6576787,438.6335443,108.472767,36.9076717,NORMAL,7.91.103.21
01-04-21 12:00,Device_7,196.1324405,410.9980987,107.6495507,33.30102839,NORMAL,34.102.103.6
01-04-21 12:00,Device_8,162.461396,436.1093965,111.4388253,48.31652384,NORMAL,20.101.103.7
01-04-21 12:00,Device_9,165.4241601,510.5813968,103.1389312,38.45532975,NORMAL,34.91.105.99
01-04-21 12:00,Device_10,144.944932,430.6181236,108.8781618,45.58869605,NORMAL,37.10.103.60
01-04-21 13:00,Device_10,166.705544,502.1050829,110.9846742,39.35445044,NORMAL,37.10.103.60
01-04-21 13:00,Device_9,172.447203,414.9855518,87.39777486,42.55827618,NORMAL,34.91.105.99
01-04-21 13:00,Device_8,182.6863189,448.4338415,89.16253597,47.39843155,NORMAL,20.101.103.7
01-04-21 13:00,Device_7,173.9384626,422.3928744,106.8068301,48.27858856,NORMAL,34.102.103.6
01-04-21 13:00,Device_6,132.6343276,485.956611,98.04317133,31.23680089,NORMAL,7.91.103.21
01-04-21 13:00,Device_5,161.502923,400.8985562,82.41625797,40.44486148,NORMAL,2.91.103.80
01-04-21 13:00,Device_4,173.599782,455.7766991,97.7828789,38.50776623,NORMAL,6.91.103.90
01-04-21 13:00,Device_3,186.1381017,558.4612749,105.2552423,36.20126986,NORMAL,34.91.103.95
01-04-21 13:00,Device_2,158.0893128,464.4861087,108.6288354,43.89644405,NORMAL,10.91.103.94
01-04-21 13:00,Device_1,169.5011208,454.4601142,91.67557563,45.95134908,NORMAL,10.90.102.93
01-04-21 14:00,Device_1,129.0167072,479.4577206,111.5750378,49.39841168,NORMAL,10.90.102.93
01-04-21 14:00,Device_2,187.0516803,448.6573969,85.23729726,47.95467562,NORMAL,10.91.103.94
01-04-21 14:00,Device_3,153.5622394,376.2994447,95.82892368,34.73542984,NORMAL,34.91.103.95
01-04-21 14:00,Device_4,162.5542739,425.387593,118.6637792,31.86102041,NORMAL,6.91.103.90
01-04-21 14:00,Device_5,170.5702616,450.7940244,93.22332358,44.42053466,NORMAL,2.91.103.80
01-04-21 14:00,Device_6,171.2612602,423.6802497,91.9692853,43.18168892,NORMAL,7.91.103.21
01-04-21 14:00,Device_7,169.0888885,369.5561786,80.77396632,41.30518188,NORMAL,34.102.103.6
01-04-21 14:00,Device_8,182.7582485,432.2277333,120.8389059,46.03722232,NORMAL,20.101.103.7
01-04-21 14:00,Device_9,155.8412364,515.4523089,101.422489,37.9621339,NORMAL,34.91.105.99
01-04-21 14:00,Device_10,172.9835855,464.7863697,89.26648278,33.09544356,NORMAL,37.10.103.60
01-04-21 15:00,Device_10,152.9814351,521.7942,95.49784526,39.31853168,NORMAL,37.10.103.60
01-04-21 15:00,Device_9,178.7653223,456.6807151,102.758497,36.30169399,NORMAL,34.91.105.99
01-04-21 15:00,Device_8,167.8176737,485.3275442,115.9739906,31.67173245,NORMAL,20.101.103.7
01-04-21 15:00,Device_7,152.0069151,403.9763661,81.20636075,35.23192917,NORMAL,34.102.103.6
01-04-21 15:00,Device_6,161.109531,408.4559975,89.94574483,44.99104049,NORMAL,7.91.103.21
01-04-21 15:00,Device_5,158.8785449,513.8336558,117.9484525,37.85550461,NORMAL,2.91.103.80
01-04-21 15:00,Device_4,179.0824234,465.4787188,97.30393406,42.13399101,NORMAL,6.91.103.90
01-04-21 15:00,Device_3,152.4021991,501.9289514,89.72783413,40.14746627,NORMAL,34.91.103.95
01-04-21 15:00,Device_2,165.8419351,387.4513323,99.80015458,35.13763101,NORMAL,10.91.103.94
01-04-21 15:00,Device_1,168.5031412,455.5368678,83.68983663,43.91786206,NORMAL,10.90.102.93
01-04-21 16:00,Device_1,184.640476,365.2138038,87.47400906,52.04815236,NORMAL,10.90.102.93
01-04-21 16:00,Device_2,179.7073085,496.8560278,104.1461634,37.79390495,NORMAL,10.91.103.94
01-04-21 16:00,Device_3,145.333085,450.7126222,95.90057779,34.29099767,NORMAL,34.91.103.95
01-04-21 16:00,Device_4,176.0899116,430.9149968,96.45725681,40.22397592,NORMAL,6.91.103.90
01-04-21 16:00,Device_5,157.7475301,492.3702785,83.87883899,46.21218749,NORMAL,2.91.103.80
01-04-21 16:00,Device_6,174.4964618,484.2880749,105.2498627,45.46606886,NORMAL,7.91.103.21
01-04-21 16:00,Device_7,149.8372209,532.3358714,108.0269748,42.04263661,NORMAL,34.102.103.6
01-04-21 16:00,Device_8,169.4657537,519.4589559,96.83060479,52.32220378,NORMAL,20.101.103.7
01-04-21 16:00,Device_9,184.1092492,458.8110391,106.853398,35.20230335,NORMAL,34.91.105.99
01-04-21 16:00,Device_10,139.8408212,498.3814556,73.88643247,38.72793359,NORMAL,37.10.103.60
01-04-21 17:00,Device_10,169.738819,471.9926621,83.72857094,38.04796685,NORMAL,37.10.103.60
01-04-21 17:00,Device_9,177.1719327,466.3871413,87.86351512,35.72091298,NORMAL,34.91.105.99
01-04-21 17:00,Device_8,169.0588198,390.0353157,115.8791204,44.48686957,NORMAL,20.101.103.7
01-04-21 17:00,Device_7,165.3421729,432.2667657,111.7484937,43.78014453,NORMAL,34.102.103.6
01-04-21 17:00,Device_6,177.066427,438.365086,96.73603267,38.05817838,NORMAL,7.91.103.21
01-04-21 17:00,Device_5,178.4086447,464.074884,97.28818923,46.69655487,NORMAL,2.91.103.80
01-04-21 17:00,Device_4,173.3874712,539.9693983,96.60009604,30.97878865,NORMAL,6.91.103.90
01-04-21 17:00,Device_3,162.0316165,435.9369007,95.44703403,43.87489136,NORMAL,34.91.103.95
01-04-21 17:00,Device_2,184.2863021,551.9182129,95.65238103,43.57965819,NORMAL,10.91.103.94
01-04-21 17:00,Device_1,176.2080337,517.3485328,82.40081785,46.95049227,NORMAL,10.90.102.93
01-04-21 18:00,Device_1,183.6848324,414.4811638,111.6846591,56.83716523,NORMAL,10.90.102.93
01-04-21 18:00,Device_2,181.5435789,473.5209628,109.4266285,36.42224672,NORMAL,10.91.103.94
01-04-21 18:00,Device_3,177.8137118,490.5271875,100.3598166,31.05192031,NORMAL,34.91.103.95
01-04-21 18:00,Device_4,159.1399162,358.4953251,93.75618307,42.52079104,NORMAL,6.91.103.90
01-04-21 18:00,Device_5,159.1797826,407.1885237,81.64941291,44.63703163,NORMAL,2.91.103.80
01-04-21 18:00,Device_6,191.3476429,413.0924164,100.6316862,36.46588954,NORMAL,7.91.103.21
01-04-21 18:00,Device_7,176.2254029,460.0602961,87.66564221,41.81931328,NORMAL,34.102.103.6
01-04-21 18:00,Device_8,179.0437213,481.7253039,92.76636181,36.30999776,NORMAL,20.101.103.7
01-04-21 18:00,Device_9,146.1625857,416.2457187,109.9439222,45.23726358,NORMAL,34.91.105.99
01-04-21 18:00,Device_10,178.6170756,492.0548582,87.82619201,31.82287295,NORMAL,37.10.103.60
01-04-21 19:00,Device_10,161.7786114,565.4182153,98.40133746,39.73019618,NORMAL,37.10.103.60
01-04-21 19:00,Device_9,196.6677624,505.0828206,111.1634295,38.60559952,NORMAL,34.91.105.99
01-04-21 19:00,Device_8,155.394341,525.075147,99.06677036,29.97985034,NORMAL,20.101.103.7
01-04-21 19:00,Device_7,153.0274401,432.6960353,101.2039924,32.26360019,NORMAL,34.102.103.6
01-04-21 19:00,Device_6,149.2561141,447.0846326,98.13670447,50.84657686,NORMAL,7.91.103.21
01-04-21 19:00,Device_5,150.7146677,410.2037102,114.0856357,37.81383793,NORMAL,2.91.103.80
01-04-21 19:00,Device_4,189.4551981,437.0783544,105.4896752,35.63574336,NORMAL,6.91.103.90
01-04-21 19:00,Device_3,156.7169287,460.0231431,86.94410058,36.60146078,NORMAL,34.91.103.95
01-04-21 19:00,Device_2,150.6062634,427.5176364,89.54905669,44.77982037,NORMAL,10.91.103.94
01-04-21 19:00,Device_1,199.755983,425.8325604,107.3350797,41.67488668,NORMAL,10.90.102.93
01-04-21 20:00,Device_1,187.5366277,427.7639702,103.1599632,50.14651529,NORMAL,10.90.102.93
01-04-21 20:00,Device_2,171.2682877,466.5132845,94.56852959,34.96592488,NORMAL,10.91.103.94
01-04-21 20:00,Device_3,163.1291908,555.8748705,105.7976619,43.87450355,NORMAL,34.91.103.95
01-04-21 20:00,Device_4,170.1631603,480.1165056,97.08853071,41.67033721,NORMAL,6.91.103.90
01-04-21 20:00,Device_5,175.2597029,449.1752218,98.53810935,42.09915019,NORMAL,2.91.103.80
01-04-21 20:00,Device_6,162.0918766,450.8428682,101.4634982,43.01497949,NORMAL,7.91.103.21
01-04-21 20:00,Device_7,149.6810478,487.5263101,114.5116006,40.88812925,NORMAL,34.102.103.6
01-04-21 20:00,Device_8,189.2124325,478.7099995,97.35910912,45.79008164,NORMAL,20.101.103.7
01-04-21 20:00,Device_9,173.5202141,377.4618543,85.015472,38.07729515,NORMAL,34.91.105.99
01-04-21 20:00,Device_10,169.8286861,469.2428161,117.4549632,42.76451257,NORMAL,37.10.103.60
01-04-21 21:00,Device_10,185.2689456,437.8445102,108.2244459,34.89475834,NORMAL,37.10.103.60
01-04-21 21:00,Device_9,165.0785591,374.1261462,96.28995646,40.4649086,NORMAL,34.91.105.99
01-04-21 21:00,Device_8,145.2656745,596.1076878,96.69213929,40.47332698,NORMAL,20.101.103.7
01-04-21 21:00,Device_7,175.645097,379.8664959,105.3572313,39.71589578,NORMAL,34.102.103.6
01-04-21 21:00,Device_6,165.1595478,398.7443233,98.45282634,45.26636089,NORMAL,7.91.103.21
01-04-21 21:00,Device_5,184.5233695,420.0609423,105.7025029,34.27075327,NORMAL,2.91.103.80
01-04-21 21:00,Device_4,158.8447339,499.1697006,111.012473,39.5460801,NORMAL,6.91.103.90
01-04-21 21:00,Device_3,178.9468115,534.0084888,90.90924739,42.04749447,NORMAL,34.91.103.95
01-04-21 21:00,Device_2,172.927293,423.104623,89.17293425,41.14356401,NORMAL,10.91.103.94
01-04-21 21:00,Device_1,162.3689448,458.4918675,95.74868343,50.24004544,NORMAL,10.90.102.93
01-04-21 22:00,Device_1,180.5627027,447.1013997,89.26013052,51.94191441,NORMAL,10.90.102.93
01-04-21 22:00,Device_2,193.5156767,423.3419924,97.2524442,33.24651842,NORMAL,10.91.103.94
01-04-21 22:00,Device_3,139.5722103,461.6875077,104.6690747,49.1359166,NORMAL,34.91.103.95
01-04-21 22:00,Device_4,176.9906469,439.3797156,114.7365124,33.0925282,NORMAL,6.91.103.90
01-04-21 22:00,Device_5,137.5456812,430.8292086,94.06190903,37.98007969,NORMAL,2.91.103.80
01-04-21 22:00,Device_6,175.4923002,416.1663987,97.33191558,39.54928001,NORMAL,7.91.103.21
01-04-21 22:00,Device_7,169.918716,498.3398912,104.8268517,37.65891148,NORMAL,34.102.103.6
01-04-21 22:00,Device_8,186.8330447,444.5833262,93.30282887,41.96102539,NORMAL,20.101.103.7
01-04-21 22:00,Device_9,161.6384681,410.9318621,100.8796037,39.04968502,NORMAL,34.91.105.99
01-04-21 22:00,Device_10,170.8448733,403.993448,83.2630878,37.71821999,NORMAL,37.10.103.60
01-04-21 23:00,Device_10,160.1498541,415.038719,99.56300377,34.36456461,NORMAL,37.10.103.60
01-04-21 23:00,Device_9,156.0041359,436.4939653,95.42640204,48.3862004,NORMAL,34.91.105.99
01-04-21 23:00,Device_8,172.6419604,454.9229317,84.70883918,27.67761236,NORMAL,20.101.103.7
01-04-21 23:00,Device_7,177.1167265,467.3083408,104.3635143,41.91970938,NORMAL,34.102.103.6
01-04-21 23:00,Device_6,176.6310245,535.8651069,102.8478235,41.44625549,NORMAL,7.91.103.21
01-04-21 23:00,Device_5,183.5309052,479.686526,76.0849768,32.49438115,NORMAL,2.91.103.80
01-04-21 23:00,Device_4,195.6418911,506.1299486,87.29533907,35.13129743,NORMAL,6.91.103.90
01-04-21 23:00,Device_3,179.2620809,384.100958,104.9161309,39.58470828,NORMAL,34.91.103.95
01-04-21 23:00,Device_2,173.2613178,349.7448813,100.2087603,35.35982844,NORMAL,10.91.103.94
01-04-21 23:00,Device_1,167.0237559,471.1949873,89.47427082,62.46410274,FAILED,10.90.102.93
01-05-21 0:00,Device_1,161.9289382,376.7196052,89.96958837,58.08748781,NORMAL,10.90.102.93
01-05-21 0:00,Device_2,171.1919834,486.9678364,108.0275518,40.75169604,NORMAL,10.91.103.94
01-05-21 0:00,Device_3,173.5155702,493.9049257,103.4052293,47.9266658,NORMAL,34.91.103.95
01-05-21 0:00,Device_4,165.6264205,368.1852853,94.08726804,37.36713898,NORMAL,6.91.103.90
01-05-21 0:00,Device_5,178.9664323,467.4875236,89.27266516,41.426011,NORMAL,2.91.103.80
01-05-21 0:00,Device_6,175.614899,394.7445003,103.0421478,35.76204719,NORMAL,7.91.103.21
01-05-21 0:00,Device_7,184.8907095,503.3760763,98.10432845,40.43359686,NORMAL,34.102.103.6
01-05-21 0:00,Device_8,166.8112381,487.3124759,124.5981872,39.45040302,NORMAL,20.101.103.7
01-05-21 0:00,Device_9,168.2856644,387.7362927,96.01405989,36.19369463,NORMAL,34.91.105.99
01-05-21 0:00,Device_10,175.2471291,383.0004566,94.43400731,46.77935019,NORMAL,37.10.103.60
01-05-21 1:00,Device_10,193.9011633,406.5856596,108.9190446,38.56871478,NORMAL,37.10.103.60
01-05-21 1:00,Device_9,178.4186444,425.6586755,96.61524263,40.11257622,NORMAL,34.91.105.99
01-05-21 1:00,Device_8,165.1984369,442.3935612,104.0693381,41.45054204,NORMAL,20.101.103.7
01-05-21 1:00,Device_7,177.7883126,490.9975933,104.7367574,39.1836833,NORMAL,34.102.103.6
01-05-21 1:00,Device_6,135.4384141,507.680225,96.02145371,38.63632816,NORMAL,7.91.103.21
01-05-21 1:00,Device_5,175.0089268,435.5400274,90.19775922,36.88509521,NORMAL,2.91.103.80
01-05-21 1:00,Device_4,188.0362875,410.3274,100.3027588,44.11588176,NORMAL,6.91.103.90
01-05-21 1:00,Device_3,166.9543478,363.6346316,89.86923943,39.21650123,NORMAL,34.91.103.95
01-05-21 1:00,Device_2,157.6305039,509.8566383,99.39646512,50.02656159,NORMAL,10.91.103.94
01-05-21 1:00,Device_1,127.1636202,430.4751849,95.6671783,46.84559982,NORMAL,10.90.102.93
01-05-21 2:00,Device_1,158.1552972,429.3462168,94.89258922,58.22515067,NORMAL,10.90.102.93
01-05-21 2:00,Device_2,197.5460429,389.2869102,79.01361469,36.8282959,NORMAL,10.91.103.94
01-05-21 2:00,Device_3,178.2383769,438.242663,121.5178103,42.77662131,NORMAL,34.91.103.95
01-05-21 2:00,Device_4,158.706196,499.1189246,106.7747987,36.24030285,NORMAL,6.91.103.90
01-05-21 2:00,Device_5,151.7891545,374.8799097,102.2570278,40.93784879,NORMAL,2.91.103.80
01-05-21 2:00,Device_6,155.7056837,487.0466236,102.9631609,46.16002915,NORMAL,7.91.103.21
01-05-21 2:00,Device_7,182.4864148,482.7265072,90.77720449,41.80247102,NORMAL,34.102.103.6
01-05-21 2:00,Device_8,153.4978323,399.4747085,94.62797186,46.61964779,NORMAL,20.101.103.7
01-05-21 2:00,Device_9,161.9753698,473.1504628,96.88116117,44.85820905,NORMAL,34.91.105.99
01-05-21 2:00,Device_10,183.0658494,472.1016732,106.6434446,46.21158459,NORMAL,37.10.103.60
01-05-21 3:00,Device_10,145.7344252,463.3299918,105.4486229,45.38758796,NORMAL,37.10.103.60
01-05-21 3:00,Device_9,142.2899029,343.1901912,84.16032113,34.58461878,NORMAL,34.91.105.99
01-05-21 3:00,Device_8,183.7977842,512.8961288,102.9357899,38.72698333,NORMAL,20.101.103.7
01-05-21 3:00,Device_7,155.072157,465.2122774,80.06083719,42.5158143,NORMAL,34.102.103.6
01-05-21 3:00,Device_6,186.1273719,529.555767,100.2532642,34.70815363,NORMAL,7.91.103.21
01-05-21 3:00,Device_5,179.7545425,385.4611416,116.1056777,35.14187371,NORMAL,2.91.103.80
01-05-21 3:00,Device_4,167.0145703,386.2305548,79.97052273,46.61987956,NORMAL,6.91.103.90
01-05-21 3:00,Device_3,151.4132043,406.4085366,81.66592085,32.68305427,NORMAL,34.91.103.95
01-05-21 3:00,Device_2,155.8421763,417.131104,110.6479335,48.2163775,NORMAL,10.91.103.94
01-05-21 3:00,Device_1,177.3172195,461.8012455,103.0563445,49.8946467,NORMAL,10.90.102.93
01-05-21 4:00,Device_1,202.5204881,387.0053177,94.68620789,45.20234743,NORMAL,10.90.102.93
01-05-21 4:00,Device_2,187.6861067,408.9550175,96.45856523,41.50881885,NORMAL,10.91.103.94
01-05-21 4:00,Device_3,156.9161145,471.8695303,95.3862704,40.62909186,NORMAL,34.91.103.95
01-05-21 4:00,Device_4,163.9286406,530.5219916,95.56108579,40.49478096,NORMAL,6.91.103.90
01-05-21 4:00,Device_5,153.3790832,389.8069182,117.6991275,37.73210915,NORMAL,2.91.103.80
01-05-21 4:00,Device_6,183.2278568,475.1263733,104.2561448,45.50285117,NORMAL,7.91.103.21
01-05-21 4:00,Device_7,167.5138362,487.1475879,106.3561851,30.28809445,NORMAL,34.102.103.6
01-05-21 4:00,Device_8,176.7235642,491.8524645,94.20665413,36.18080399,NORMAL,20.101.103.7
01-05-21 4:00,Device_9,163.244721,471.8031054,100.5887581,41.55087115,NORMAL,34.91.105.99
01-05-21 4:00,Device_10,161.092069,429.3159512,105.1689752,43.85021434,NORMAL,37.10.103.60
01-05-21 5:00,Device_10,170.6894333,492.8819773,111.319208,39.8951028,NORMAL,37.10.103.60
01-05-21 5:00,Device_9,155.513466,452.1150271,103.2269312,47.24705508,NORMAL,34.91.105.99
01-05-21 5:00,Device_8,168.8304961,433.020772,107.1345456,50.41943667,NORMAL,20.101.103.7
01-05-21 5:00,Device_7,160.5146091,478.1033329,116.0631233,46.38345115,NORMAL,34.102.103.6
01-05-21 5:00,Device_6,155.4411518,489.339145,98.27441787,35.31439118,NORMAL,7.91.103.21
01-05-21 5:00,Device_5,173.2553733,497.2924926,104.3682233,42.47938063,NORMAL,2.91.103.80
01-05-21 5:00,Device_4,174.7485961,448.9513694,100.2760477,42.87173408,NORMAL,6.91.103.90
01-05-21 5:00,Device_3,168.5824572,497.3198823,110.8915611,36.25411527,NORMAL,34.91.103.95
01-05-21 5:00,Device_2,162.0386107,459.6812851,99.62119815,42.64161136,NORMAL,10.91.103.94
01-05-21 5:00,Device_1,177.5104192,469.7873011,100.4984262,59.57725075,NORMAL,10.90.102.93
01-05-21 6:00,Device_1,179.3031531,499.7779624,111.8330276,52.38309672,NORMAL,10.90.102.93
01-05-21 6:00,Device_2,165.5437607,538.2336416,112.3334465,44.49849247,NORMAL,10.91.103.94
01-05-21 6:00,Device_3,151.2598429,378.7762651,97.80043765,47.1306134,NORMAL,34.91.103.95
01-05-21 6:00,Device_4,150.9933885,461.6410203,103.1268688,45.30718607,NORMAL,6.91.103.90
01-05-21 6:00,Device_5,161.2220993,398.5310735,109.7078133,45.91560101,NORMAL,2.91.103.80
01-05-21 6:00,Device_6,182.0657958,439.5096646,88.49063945,45.17084313,NORMAL,7.91.103.21
01-05-21 6:00,Device_7,193.5668195,384.8481099,93.8982678,36.59053293,NORMAL,34.102.103.6
01-05-21 6:00,Device_8,164.5039797,458.6181437,97.13321994,41.70901128,NORMAL,20.101.103.7
01-05-21 6:00,Device_9,154.7679052,490.5926269,87.75852175,46.79270632,NORMAL,34.91.105.99
01-05-21 6:00,Device_10,201.876278,431.6915364,116.9378228,36.20114531,NORMAL,37.10.103.60
01-05-21 7:00,Device_10,182.1424264,418.9523429,97.87780633,32.6867512,NORMAL,37.10.103.60
01-05-21 7:00,Device_9,142.3729491,470.5051287,100.1174345,39.41295513,NORMAL,34.91.105.99
01-05-21 7:00,Device_8,129.0988499,475.1447865,117.7683693,38.76260771,NORMAL,20.101.103.7
01-05-21 7:00,Device_7,152.2888515,327.2499244,100.851122,42.5246772,NORMAL,34.102.103.6
01-05-21 7:00,Device_6,201.1416706,496.152924,105.7550477,38.22403648,NORMAL,7.91.103.21
01-05-21 7:00,Device_5,176.6854622,369.7821606,112.5484568,40.67219724,NORMAL,2.91.103.80
01-05-21 7:00,Device_4,189.1410563,430.4203377,108.9517215,39.87367844,NORMAL,6.91.103.90
01-05-21 7:00,Device_3,152.79742,393.7594326,103.5161855,41.20128436,NORMAL,34.91.103.95
01-05-21 7:00,Device_2,193.4085636,527.0441128,91.2773913,45.23059798,NORMAL,10.91.103.94
01-05-21 7:00,Device_1,155.5114518,498.3984348,103.0681344,33.27041506,NORMAL,10.90.102.93
01-05-21 8:00,Device_1,172.4398206,392.1249586,108.1351588,39.47749749,NORMAL,10.90.102.93
01-05-21 8:00,Device_2,191.7731392,469.3706385,107.22936,46.35582177,NORMAL,10.91.103.94
01-05-21 8:00,Device_3,199.8359907,347.8655104,109.5013305,37.58071081,NORMAL,34.91.103.95
01-05-21 8:00,Device_4,168.4044545,424.6178244,95.0521915,42.29419167,NORMAL,6.91.103.90
01-05-21 8:00,Device_5,162.1562637,399.8531877,99.99938139,40.82637909,NORMAL,2.91.103.80
01-05-21 8:00,Device_6,172.2528132,406.2234158,105.439493,31.62269315,NORMAL,7.91.103.21
01-05-21 8:00,Device_7,142.3496979,474.5670474,97.88386313,39.42312803,NORMAL,34.102.103.6
01-05-21 8:00,Device_8,183.5666852,495.8369877,89.82932489,50.44262296,NORMAL,20.101.103.7
01-05-21 8:00,Device_9,198.6748425,402.2679757,109.7804542,37.12993402,NORMAL,34.91.105.99
01-05-21 8:00,Device_10,164.9972684,431.3432716,106.2852675,32.35079939,NORMAL,37.10.103.60
01-05-21 9:00,Device_10,184.7521736,436.7769935,86.73752932,39.07644561,NORMAL,37.10.103.60
01-05-21 9:00,Device_9,155.3579723,327.7231028,90.47803368,38.13664763,NORMAL,34.91.105.99
01-05-21 9:00,Device_8,146.736835,426.1303843,108.796883,36.55915763,NORMAL,20.101.103.7
01-05-21 9:00,Device_7,172.9365173,382.0865831,104.9371014,38.47483103,NORMAL,34.102.103.6
01-05-21 9:00,Device_6,135.063575,474.8820539,83.30610103,48.58417209,NORMAL,7.91.103.21
01-05-21 9:00,Device_5,166.4416919,586.4133175,95.02622823,43.49067065,NORMAL,2.91.103.80
01-05-21 9:00,Device_4,168.3553739,435.4228298,96.6225111,37.77069799,NORMAL,6.91.103.90
01-05-21 9:00,Device_3,170.0025647,358.8899398,95.19142837,43.28283223,NORMAL,34.91.103.95
01-05-21 9:00,Device_2,160.0850967,471.0731634,94.29112451,38.36303649,NORMAL,10.91.103.94
01-05-21 9:00,Device_1,138.8264369,451.3489671,126.4645802,38.25746195,NORMAL,10.90.102.93