Supplier_Name,Supplier_Code,Alloy,Current_LB,New_LB,Change,Requested_Date,Period,Effective_Date,Year
Amy Eaton,S088,A396,1.21,1.31,-0.1,2013-06-27 00:00:00,2,2012-12-15 00:00:00,2012
William Jimenez,S005,A394,1.4,2.51,-1.11,2013-11-30 00:00:00,1,2013-02-01 00:00:00,2014
Anne Chavez,S052,A362,1.53,1.43,0.1,2014-03-20 00:00:00,3,2011-07-20 00:00:00,2016
Adrian Howard,S041,A363,1.96,1.29,0.67,2013-09-20 00:00:00,3,2011-05-15 00:00:00,2016
Jamie Flores,S006,A395,1.21,1.74,-0.53,2013-07-08 00:00:00,3,2013-04-05 00:00:00,2013
James Montgomery,S032,A101,1.35,1.2,0.15,2013-09-26 00:00:00,4,2012-10-30 00:00:00,2013
Thomas Smith,S013,A378,1.21,1.92,-0.71,2012-12-07 00:00:00,4,2012-11-20 00:00:00,2015
Nicole Brown,S048,A359,2.02,1.2,0.82,2011-07-21 00:00:00,4,2013-01-16 00:00:00,2016
Gabrielle White,S018,A405,1.38,1.95,-0.57,2012-12-27 00:00:00,4,2014-07-27 00:00:00,2013
Deborah Berg,S047,A344,1.23,1.4,-0.17,2013-05-16 00:00:00,3,2012-11-03 00:00:00,2012
Jesse Jackson,S064,A342,2.13,1.2,0.93,2013-01-19 00:00:00,3,2012-09-30 00:00:00,2016
Selena Morris,S068,A320,1.21,1.31,-0.1,2012-12-16 00:00:00,4,2011-09-28 00:00:00,2013
Jay Wells,S081,A399,1.21,1.45,-0.24,2013-05-03 00:00:00,1,2012-10-31 00:00:00,2013
Tristan Sandoval,S047,A386,1.41,1.34,0.07,2013-07-21 00:00:00,4,2011-02-01 00:00:00,2013
Chad Greer DDS,S088,A375,1.22,1.3,-0.08,2012-10-17 00:00:00,4,2013-03-29 00:00:00,2013
Jennifer Fisher,S001,A402,1.21,3.16,-1.95,2013-01-16 00:00:00,4,2013-03-27 00:00:00,2013
Rebecca Hunter DDS,S085,A414,1.22,1.34,-0.12,2013-11-10 00:00:00,2,2012-12-18 00:00:00,2013
Jose Cooper,S025,A367,1.29,1.45,-0.16,2013-01-18 00:00:00,3,2012-10-14 00:00:00,2013
Sarah Wright,S090,A404,1.65,1.27,0.38,2013-01-26 00:00:00,4,2013-03-08 00:00:00,2013
Bryan Johnson,S058,A352,1.47,1.2,0.27,2013-08-06 00:00:00,2,2012-09-09 00:00:00,2013
Sarah Wright,S007,A362,1.26,1.38,-0.12,2013-06-05 00:00:00,3,2012-12-12 00:00:00,2016
Jose Cooper,S022,A368,1.59,1.31,0.28,2013-06-01 00:00:00,1,2012-09-10 00:00:00,2016
Chad Greer DDS,S090,A401,1.26,3.16,-1.9,2013-11-20 00:00:00,4,2012-12-24 00:00:00,2013
Brittney Davis,S001,A401,1.21,1.2,0.01,2012-10-30 00:00:00,4,2018-01-21 00:00:00,2013
Tina Watson,S013,A320,1.62,1.4,0.22,2012-09-19 00:00:00,4,2011-10-18 00:00:00,2013
Kathryn Rodriguez,S054,A347,1.34,1.95,-0.61,2012-10-07 00:00:00,2,2012-12-28 00:00:00,2012
Melanie Robinson,S090,A366,1.21,1.58,-0.37,2013-11-05 00:00:00,4,2013-01-13 00:00:00,2013
Adrian Howard,S003,A349,1.21,1.51,-0.3,2012-12-23 00:00:00,1,2014-10-01 00:00:00,2016
Gina Evans,S047,A340,1.23,1.22,0.01,2013-06-05 00:00:00,2,2013-02-11 00:00:00,2013
Selena Morris,S078,A360,1.26,1.73,-0.47,2013-09-14 00:00:00,1,2012-11-16 00:00:00,2013
Ashley Howard,S057,A372,1.68,1.68,0.0,2013-01-21 00:00:00,4,2010-11-28 00:00:00,2012
Kristin Alvarez,S061,A400,1.21,1.29,-0.08,2013-05-01 00:00:00,2,2013-04-12 00:00:00,2013
Susan Jenkins,S086,A401,1.43,1.3,0.13,2013-10-10 00:00:00,3,2012-07-30 00:00:00,2013
Nicholas Pearson,S035,A374,1.21,1.35,-0.14,2013-08-22 00:00:00,1,2012-08-17 00:00:00,2016
Charles Chapman,S001,A101,1.21,1.2,0.01,2013-07-05 00:00:00,2,2012-08-09 00:00:00,2013
Catherine Sanchez,S038,A408,1.41,1.2,0.21,2012-12-25 00:00:00,3,2013-01-03 00:00:00,2013
Jamie Flores,S041,A367,1.64,1.61,0.03,2013-02-06 00:00:00,3,2013-02-04 00:00:00,2013
Robert Vazquez,S084,A371,1.38,1.2,0.18,2013-02-14 00:00:00,2,2012-10-16 00:00:00,2013
Ryan Sullivan,S055,A404,1.21,1.46,-0.25,2012-04-25 00:00:00,4,2012-12-20 00:00:00,2016
Stephanie Chavez,S008,A404,1.4,1.23,0.17,2013-06-02 00:00:00,4,2013-01-23 00:00:00,2013
Chad Greer DDS,S047,A400,1.57,1.47,0.1,2012-12-25 00:00:00,3,2012-10-07 00:00:00,2012
James Montgomery,S072,A343,1.4,1.29,0.11,2013-11-22 00:00:00,4,2012-12-02 00:00:00,2013
Mrs. Laura Long,S063,A371,1.34,2.06,-0.72,2013-04-23 00:00:00,4,2011-01-24 00:00:00,2013
Rebecca Hunter DDS,S080,A400,2.03,1.43,0.6,2012-11-02 00:00:00,3,2012-11-05 00:00:00,2016
Emma Smith,S051,A341,1.94,1.74,0.2,2012-10-24 00:00:00,1,2012-10-15 00:00:00,2012
Stephanie Chavez,S008,A392,1.21,1.2,0.01,2012-08-20 00:00:00,1,2013-02-16 00:00:00,2013
Gabrielle White,S006,A368,1.21,1.45,-0.24,2013-03-27 00:00:00,2,2013-01-18 00:00:00,2013
William Vargas,S032,A370,1.28,1.49,-0.21,2013-05-23 00:00:00,3,2011-09-16 00:00:00,2013
Gregory Oneill,S034,B747,1.7,1.68,0.02,2012-11-21 00:00:00,2,2012-12-30 00:00:00,2015
Ann Johnson,S078,A343,1.33,1.2,0.13,2012-12-21 00:00:00,3,2012-11-19 00:00:00,2013
Amy Eaton,S014,A372,1.22,1.34,-0.12,2012-10-25 00:00:00,4,2013-02-14 00:00:00,2015
Chelsea Myers,S063,A340,1.26,1.3,-0.04,2012-10-29 00:00:00,1,2012-11-09 00:00:00,2015
Emma Smith,S063,A348,1.7,1.2,0.5,2013-06-17 00:00:00,4,2012-11-26 00:00:00,2013
William Jimenez,S036,A371,1.25,1.24,0.01,2013-07-04 00:00:00,3,2012-12-30 00:00:00,2016
Nicholas Pearson,S027,A399,1.4,1.41,-0.01,2013-09-15 00:00:00,4,2013-04-28 00:00:00,2015
Jeremy Garcia,S058,A373,1.34,1.22,0.12,2012-06-23 00:00:00,4,2012-12-30 00:00:00,2013
Amber Patton,S047,A407,1.41,2.29,-0.88,2013-02-15 00:00:00,4,2012-10-13 00:00:00,2013
Ronald Lynch,S025,A364,1.67,1.2,0.47,2013-01-04 00:00:00,3,2013-02-07 00:00:00,2013
Gwendolyn Solis,S032,A365,1.27,1.4,-0.13,2013-10-04 00:00:00,4,2016-12-06 00:00:00,2013
Mrs. Laura Long,S038,A412,1.43,1.67,-0.24,2012-08-24 00:00:00,2,2013-02-02 00:00:00,2016
Kenneth Mann,S021,A400,1.21,1.64,-0.43,2013-05-30 00:00:00,2,2012-09-25 00:00:00,2013
Selena Morris,S066,A351,1.56,1.39,0.17,2013-08-19 00:00:00,3,2012-08-14 00:00:00,2013
Andre Nicholson,S087,A393,1.21,1.4,-0.19,2013-02-17 00:00:00,1,2012-10-07 00:00:00,2013
Ashley Howard,S034,A368,1.21,1.29,-0.08,2013-04-15 00:00:00,1,2010-12-03 00:00:00,2015
Stephanie Chavez,S049,A378,1.34,1.31,0.03,2012-11-03 00:00:00,3,2012-12-01 00:00:00,2016
Rebecca Hunter DDS,S047,A340,1.64,1.23,0.41,2013-03-28 00:00:00,1,2012-11-17 00:00:00,2013
Jennifer Miranda,S035,A345,1.57,1.25,0.32,2013-09-23 00:00:00,2,2013-02-08 00:00:00,2013
Robert Vazquez,S051,A399,1.35,1.2,0.15,2012-10-05 00:00:00,3,2011-06-15 00:00:00,2013
Brian Weber,S044,A381,1.21,1.51,-0.3,2013-03-25 00:00:00,4,2012-07-11 00:00:00,2013
Anne Chavez,S079,A356,2.07,1.2,0.87,2013-05-17 00:00:00,4,2014-01-05 00:00:00,2013
Jacqueline Wilcox,S032,A389,1.22,1.2,0.02,2013-05-29 00:00:00,4,2012-10-24 00:00:00,2016
Brian Herrera,S058,A403,1.96,1.28,0.68,2013-12-12 00:00:00,4,2012-09-07 00:00:00,2013
Cristian Waters,S009,A370,1.21,1.43,-0.22,2012-08-26 00:00:00,1,2012-11-24 00:00:00,2016
Ryan Sullivan,S002,A330,1.98,1.3,0.68,2011-10-29 00:00:00,4,2013-04-27 00:00:00,2013
Sarah Wright,S082,A101,1.28,1.38,-0.1,2012-05-18 00:00:00,2,2011-07-24 00:00:00,2013
Michael Taylor,S057,A342,1.21,1.57,-0.36,2013-03-25 00:00:00,1,2012-11-06 00:00:00,2013
Brittney Davis,S093,A383,1.33,1.46,-0.13,2013-05-15 00:00:00,1,2012-05-15 00:00:00,2013
Ashley Howard,S010,A410,1.34,1.2,0.14,2012-12-06 00:00:00,4,2012-12-16 00:00:00,2012
Nicholas Pearson,S035,A397,1.41,1.25,0.16,2013-09-22 00:00:00,2,2010-10-25 00:00:00,2013
Deborah Berg,S017,A402,1.34,1.2,0.14,2013-01-15 00:00:00,1,2012-12-30 00:00:00,2013
Jennifer Miranda,S053,A364,1.75,2.7,-0.95,2013-06-19 00:00:00,4,2012-11-04 00:00:00,2012
Sean Carter,S073,A354,1.34,1.2,0.14,2012-12-26 00:00:00,3,2012-12-27 00:00:00,2013
Andre Nicholson,S048,A357,1.21,3.16,-1.95,2013-11-03 00:00:00,4,2013-02-11 00:00:00,2016
Robert Vazquez,S028,A371,1.29,1.2,0.09,2013-10-07 00:00:00,1,2012-11-22 00:00:00,2012
Catherine Sanchez,S019,A389,1.62,1.7,-0.08,2012-10-06 00:00:00,2,2013-01-07 00:00:00,2012
Joshua Williams,S044,A388,1.21,1.64,-0.43,2012-10-26 00:00:00,3,2012-01-07 00:00:00,2013
James Montgomery,S007,A360,2.22,1.2,1.02,2013-06-28 00:00:00,2,2012-12-14 00:00:00,2015
Eric Kim,S053,A347,1.31,1.27,0.04,2013-08-02 00:00:00,3,2013-04-07 00:00:00,2013
Gregory Oneill,S037,A378,1.59,2.2,-0.61,2013-06-28 00:00:00,1,2012-10-26 00:00:00,2012
Judy Ramirez,S082,A343,1.26,1.49,-0.23,2012-11-24 00:00:00,2,2012-12-07 00:00:00,2013
Jennifer Fisher,S070,A380,1.41,1.31,0.1,2013-11-07 00:00:00,1,2011-09-09 00:00:00,2016
Jay Wells,S048,A400,1.41,1.51,-0.1,2013-03-28 00:00:00,1,2012-12-17 00:00:00,2013
Tiffany Morrison,S054,A354,1.21,1.7,-0.49,2013-10-24 00:00:00,2,2012-11-19 00:00:00,2013
Barbara Peters,S083,A378,1.58,1.48,0.1,2012-10-16 00:00:00,1,2012-12-19 00:00:00,2013
Robert Faulkner,S067,A356,1.21,1.33,-0.12,2014-02-23 00:00:00,2,2012-09-22 00:00:00,2013
Jacqueline Wilcox,S020,A396,1.21,1.23,-0.02,2012-11-17 00:00:00,3,2011-06-30 00:00:00,2013
Eric Moore,S023,A363,1.21,1.46,-0.25,2014-01-12 00:00:00,4,2013-02-03 00:00:00,2013
Amber Patton,S050,A400,1.24,1.2,0.04,2013-03-21 00:00:00,4,2012-11-15 00:00:00,2013
Margaret English,S014,A381,1.21,1.3,-0.09,2012-10-13 00:00:00,3,2013-01-23 00:00:00,2016
Catherine Sanchez,S079,A376,1.24,1.4,-0.16,2013-09-13 00:00:00,3,2012-01-05 00:00:00,2013
Bryan Johnson,S059,A412,1.44,3.16,-1.72,2012-12-05 00:00:00,2,2012-11-01 00:00:00,2013
Ryan Sullivan,S016,A400,1.39,1.25,0.14,2013-08-08 00:00:00,2,2012-05-19 00:00:00,2013
Jennifer Fisher,S085,A408,1.43,1.52,-0.09,2013-08-12 00:00:00,4,2013-01-02 00:00:00,2016
Charles Chapman,S008,A363,1.21,1.5,-0.29,2013-04-16 00:00:00,4,2012-12-08 00:00:00,2013
Ashley Howard,S001,B747,1.23,1.81,-0.58,2013-10-20 00:00:00,1,2012-12-08 00:00:00,2013
Bryan Johnson,S029,A347,1.38,1.26,0.12,2013-11-23 00:00:00,3,2012-12-26 00:00:00,2016
Tony Allen,S007,A396,1.22,1.26,-0.04,2013-08-01 00:00:00,2,2012-09-02 00:00:00,2016
Tristan Sandoval,S086,A320,1.4,1.29,0.11,2013-04-03 00:00:00,1,2012-10-27 00:00:00,2013
Gregory Oneill,S076,A356,1.49,1.2,0.29,2011-08-20 00:00:00,4,2012-12-26 00:00:00,2016
William Vargas,S039,A386,1.36,1.31,0.05,2013-10-22 00:00:00,1,2012-10-31 00:00:00,2016
Andre Nicholson,S008,A368,1.5,1.45,0.05,2014-01-13 00:00:00,4,2011-06-19 00:00:00,2013
Stephanie Scott,S074,A386,1.69,1.2,0.49,2013-11-10 00:00:00,4,2011-01-31 00:00:00,2013
Jacqueline Wilcox,S029,A381,1.4,1.2,0.2,2013-09-21 00:00:00,4,2010-08-29 00:00:00,2013
Amanda Wiley,S028,A349,1.21,1.2,0.01,2013-10-04 00:00:00,3,2012-10-31 00:00:00,2013
Chad Greer DDS,S086,A400,1.21,1.63,-0.42,2012-05-26 00:00:00,3,2012-10-12 00:00:00,2013
Jennifer Miranda,S032,A330,1.38,1.42,-0.04,2014-01-31 00:00:00,2,2012-12-26 00:00:00,2013
Diana Liu,S080,A397,1.21,1.58,-0.37,2013-04-08 00:00:00,4,2012-12-30 00:00:00,2013
Gregory Oneill,S015,A351,1.6,1.22,0.38,2013-05-29 00:00:00,4,2013-03-02 00:00:00,2013
Eric Kim,S001,A385,2.08,1.2,0.88,2013-05-23 00:00:00,4,2017-05-28 00:00:00,2013
Gordon Taylor,S048,A330,1.21,1.2,0.01,2012-12-25 00:00:00,3,2012-12-20 00:00:00,2013
Ann Johnson,S064,A380,1.27,1.41,-0.14,2013-10-07 00:00:00,1,2012-11-28 00:00:00,2013
Jay Wells,S045,A373,1.22,1.93,-0.71,2013-09-07 00:00:00,3,2012-10-19 00:00:00,2013
Cristian Waters,S087,A407,1.21,1.96,-0.75,2013-07-29 00:00:00,4,2012-09-06 00:00:00,2013
Emma Smith,S037,A101,1.26,1.38,-0.12,2013-08-01 00:00:00,4,2012-11-15 00:00:00,2013
Kenneth Mann,S073,A390,1.22,1.2,0.02,2013-02-06 00:00:00,2,2012-03-29 00:00:00,2016
Chloe Miller,S066,A380,1.36,1.2,0.16,2012-01-01 00:00:00,4,2012-12-25 00:00:00,2013
Cristian Waters,S015,A400,1.46,1.2,0.26,2013-04-04 00:00:00,2,2011-08-19 00:00:00,2012
Brittney Davis,S052,A389,1.44,1.39,0.05,2013-08-05 00:00:00,4,2012-12-16 00:00:00,2016
Eric Moore,S020,A347,1.21,1.27,-0.06,2013-10-05 00:00:00,3,2013-02-27 00:00:00,2016
Andre Nicholson,S003,A383,1.47,1.2,0.27,2013-01-13 00:00:00,2,2012-10-05 00:00:00,2013
Leslie Strong,S030,A356,1.6,1.23,0.37,2013-07-26 00:00:00,2,2013-10-01 00:00:00,2013
Kenneth Mann,S039,A364,1.21,1.42,-0.21,2013-08-07 00:00:00,4,2011-12-28 00:00:00,2013
Barbara Peters,S024,A381,1.21,1.2,0.01,2013-07-20 00:00:00,3,2012-12-11 00:00:00,2015
Jesse Jackson,S083,A368,1.22,1.38,-0.16,2013-05-18 00:00:00,3,2012-11-30 00:00:00,2013
Ryan Sullivan,S019,A379,1.21,1.2,0.01,2013-09-12 00:00:00,4,2013-01-18 00:00:00,2013
Gordon Taylor,S036,A410,1.31,1.35,-0.04,2012-02-22 00:00:00,4,2012-10-15 00:00:00,2016
Stephanie Scott,S013,A345,1.21,1.5,-0.29,2013-04-11 00:00:00,4,2013-02-10 00:00:00,2013
Jay Wells,S037,A352,1.21,1.35,-0.14,2014-01-16 00:00:00,3,2012-11-25 00:00:00,2013
Eric Kim,S082,A360,1.21,1.27,-0.06,2012-12-25 00:00:00,3,2012-10-18 00:00:00,2013
Laura Bell,S072,A361,1.42,1.44,-0.02,2013-07-18 00:00:00,1,2012-11-21 00:00:00,2012
Kenneth Mann,S023,A398,1.21,1.37,-0.16,2013-01-19 00:00:00,1,2012-12-21 00:00:00,2013
Joshua Williams,S018,A350,1.44,1.32,0.12,2013-01-12 00:00:00,3,2012-06-21 00:00:00,2016
Gordon Taylor,S044,A404,1.39,1.58,-0.19,2013-07-18 00:00:00,1,2013-01-21 00:00:00,2013
Derrick Schneider,S022,A356,1.25,1.38,-0.13,2013-07-25 00:00:00,3,2013-02-26 00:00:00,2013
William Vargas,S045,A404,1.28,1.5,-0.22,2013-08-29 00:00:00,3,2012-10-21 00:00:00,2013
Diana Liu,S029,A408,1.39,1.96,-0.57,2013-03-08 00:00:00,1,2015-12-21 00:00:00,2013
Diana Liu,S074,A401,1.55,1.4,0.15,2013-05-12 00:00:00,3,2011-12-28 00:00:00,2013
Jennifer Miranda,S002,A405,1.55,1.2,0.35,2013-03-23 00:00:00,2,2011-01-06 00:00:00,2013
Robert Vazquez,S001,A348,2.27,1.35,0.92,2013-09-12 00:00:00,2,2012-11-16 00:00:00,2013
Megan Greene,S036,A393,1.89,1.31,0.58,2013-07-22 00:00:00,2,2012-11-08 00:00:00,2016
Pamela Campbell,S059,A402,1.35,1.35,0.0,2013-04-23 00:00:00,4,2012-12-27 00:00:00,2013
Tina Watson,S066,A347,1.58,1.54,0.04,2013-02-23 00:00:00,4,2012-12-19 00:00:00,2011
Barbara Peters,S016,A372,1.35,1.49,-0.14,2013-04-21 00:00:00,4,2017-06-21 00:00:00,2012
Ronald Lynch,S005,A362,1.21,1.43,-0.22,2012-03-08 00:00:00,3,2012-10-05 00:00:00,2013
Brian Weber,S047,A387,1.22,1.96,-0.74,2013-05-06 00:00:00,1,2012-09-24 00:00:00,2013
Sierra Davis,S056,A412,1.42,1.59,-0.17,2013-03-25 00:00:00,2,2012-11-29 00:00:00,2013
Mrs. Laura Long,S013,A358,1.3,1.36,-0.06,2012-07-23 00:00:00,2,2013-02-21 00:00:00,2013
Sierra Davis,S009,A403,1.4,1.33,0.07,2013-07-10 00:00:00,4,2012-09-24 00:00:00,2012
Robert Faulkner,S022,A370,1.23,1.95,-0.72,2013-02-24 00:00:00,2,2013-02-10 00:00:00,2013
Kathryn Rodriguez,S014,A364,1.28,1.72,-0.44,2013-12-16 00:00:00,1,2012-11-16 00:00:00,2013
William Reed,S059,A363,1.35,1.21,0.14,2013-01-17 00:00:00,4,2012-10-07 00:00:00,2013
Melanie Robinson,S092,A391,1.3,1.2,0.1,2013-04-07 00:00:00,1,2014-12-12 00:00:00,2013
Kathryn Rodriguez,S044,A383,1.36,1.4,-0.04,2013-09-26 00:00:00,2,2012-10-30 00:00:00,2013
Rebecca Hunter DDS,S007,A367,1.31,1.26,0.05,2013-01-11 00:00:00,4,2013-01-13 00:00:00,2013
Emma Smith,S057,A410,1.62,1.64,-0.02,2012-11-12 00:00:00,4,2013-01-22 00:00:00,2013
Pamela Campbell,S063,A408,1.27,1.35,-0.08,2013-04-01 00:00:00,3,2012-11-18 00:00:00,2013
Susan Jenkins,S046,A366,1.42,1.48,-0.06,2012-12-04 00:00:00,4,2013-02-02 00:00:00,2013
Adam Robinson,S069,A400,1.36,1.22,0.14,2013-02-07 00:00:00,4,2012-09-09 00:00:00,2013
Cheryl Guerrero,S044,A373,1.22,1.66,-0.44,2012-12-03 00:00:00,4,2013-01-08 00:00:00,2013
Tony Allen,S053,A396,1.54,2.92,-1.38,2013-02-05 00:00:00,2,2012-10-13 00:00:00,2016
Amber Patton,S066,A351,1.21,3.16,-1.95,2013-10-03 00:00:00,1,2013-03-15 00:00:00,2015
Gordon Taylor,S087,A360,1.57,1.5,0.07,2013-08-29 00:00:00,3,2012-09-25 00:00:00,2016
Amy Eaton,S024,A404,1.37,1.66,-0.29,2013-11-02 00:00:00,3,2012-12-08 00:00:00,2016
Gwendolyn Solis,S084,A399,1.33,1.2,0.13,2012-10-17 00:00:00,3,2013-10-12 00:00:00,2016
William Vargas,S021,A385,1.21,1.49,-0.28,2012-12-03 00:00:00,2,2012-11-03 00:00:00,2016
Gwendolyn Solis,S078,A371,1.33,1.46,-0.13,2012-12-25 00:00:00,4,2012-11-24 00:00:00,2013
Diana Liu,S078,A340,1.21,1.2,0.01,2013-08-13 00:00:00,4,2015-04-14 00:00:00,2013
Kathryn Rodriguez,S036,A380,1.21,1.33,-0.12,2014-02-03 00:00:00,4,2012-11-13 00:00:00,2016
Robert Faulkner,S056,A372,1.21,1.62,-0.41,2013-01-02 00:00:00,3,2012-12-14 00:00:00,2012
Rebecca Hunter DDS,S076,A372,1.23,1.21,0.02,2013-12-06 00:00:00,1,2012-11-14 00:00:00,2013
Susan Patton,S065,A348,1.21,1.84,-0.63,2013-04-06 00:00:00,1,2012-05-16 00:00:00,2016
Kathryn Rodriguez,S030,A387,1.54,1.2,0.34,2013-05-11 00:00:00,4,2013-03-28 00:00:00,2013
Kathryn Rodriguez,S079,A320,1.21,1.34,-0.13,2013-05-30 00:00:00,4,2012-10-04 00:00:00,2014
Rachel Gutierrez,S015,A362,1.3,1.2,0.1,2012-10-15 00:00:00,3,2012-06-30 00:00:00,2013
Jacqueline Wilcox,S013,A372,1.34,1.38,-0.04,2014-02-05 00:00:00,4,2013-02-17 00:00:00,2015
Brian Herrera,S086,A392,1.21,1.67,-0.46,2013-11-02 00:00:00,2,2012-12-06 00:00:00,2012
Joshua Williams,S068,A340,1.29,1.34,-0.05,2013-12-12 00:00:00,3,2013-01-21 00:00:00,2013
Tina Watson,S029,A410,1.23,1.67,-0.44,2013-02-11 00:00:00,3,2012-10-26 00:00:00,2013
Joshua Williams,S090,A402,1.32,1.31,0.01,2013-09-30 00:00:00,4,2013-02-03 00:00:00,2013
Derrick Schneider,S005,A404,1.25,1.31,-0.06,2013-02-14 00:00:00,1,2012-12-16 00:00:00,2013
Brittney Davis,S064,A340,1.27,1.3,-0.03,2013-03-03 00:00:00,4,2013-09-07 00:00:00,2013
Amanda Wiley,S036,A348,1.28,1.77,-0.49,2013-06-10 00:00:00,4,2010-06-17 00:00:00,2013
Megan Greene,S028,A347,1.62,1.2,0.42,2013-01-29 00:00:00,4,2011-07-09 00:00:00,2016
Ashley Cohen,S087,A372,1.46,1.53,-0.07,2013-06-01 00:00:00,4,2013-01-08 00:00:00,2016
Robert Vazquez,S069,A380,1.47,1.39,0.08,2012-10-14 00:00:00,3,2012-11-13 00:00:00,2013
Brittney Davis,S069,A320,1.74,1.21,0.53,2012-07-02 00:00:00,4,2012-11-18 00:00:00,2013
Amber Patton,S050,A352,1.73,1.39,0.34,2012-05-08 00:00:00,3,2012-11-28 00:00:00,2016
Anne Chavez,S084,A377,1.33,1.25,0.08,2013-06-06 00:00:00,1,2012-01-22 00:00:00,2013
Adam Robinson,S078,A397,1.8,1.69,0.11,2012-11-22 00:00:00,1,2012-12-09 00:00:00,2013
Andre Nicholson,S082,A345,1.51,1.84,-0.33,2012-01-14 00:00:00,3,2012-12-07 00:00:00,2012
Nicholas Pearson,S068,A362,1.21,1.46,-0.25,2013-12-11 00:00:00,4,2012-09-12 00:00:00,2016
Amber Patton,S010,A345,1.26,1.89,-0.63,2013-04-22 00:00:00,4,2012-11-06 00:00:00,2013
Bryan Johnson,S053,A340,1.48,1.22,0.26,2013-12-21 00:00:00,3,2013-11-21 00:00:00,2013
Tony Allen,S011,A375,1.4,1.24,0.16,2013-06-02 00:00:00,4,2013-03-07 00:00:00,2013
Emma Smith,S043,A408,1.45,1.29,0.16,2013-06-13 00:00:00,2,2012-10-27 00:00:00,2013
Jennifer Miranda,S013,A369,1.73,2.31,-0.58,2013-01-13 00:00:00,4,2012-09-15 00:00:00,2012
Stephanie Chavez,S029,A403,1.21,2.56,-1.35,2013-11-29 00:00:00,1,2012-01-13 00:00:00,2016
Ann Johnson,S008,A351,1.35,1.42,-0.07,2013-10-15 00:00:00,4,2013-02-04 00:00:00,2013
Brandy Hancock,S023,A356,1.21,1.31,-0.1,2012-03-27 00:00:00,3,2013-03-17 00:00:00,2012
Rebecca Hunter DDS,S058,A390,1.21,1.33,-0.12,2013-02-21 00:00:00,3,2012-08-29 00:00:00,2012
Sarah Wright,S041,A375,1.21,1.27,-0.06,2013-12-14 00:00:00,2,2011-09-16 00:00:00,2013
Judy Ramirez,S002,A101,1.44,1.28,0.16,2013-03-11 00:00:00,2,2013-04-20 00:00:00,2013
Amy Eaton,S082,A330,1.21,1.62,-0.41,2014-01-07 00:00:00,1,2013-01-08 00:00:00,2013
Pamela Campbell,S022,A352,1.21,1.36,-0.15,2013-06-04 00:00:00,2,2017-01-22 00:00:00,2014
Emma Smith,S075,A344,1.21,1.51,-0.3,2012-05-28 00:00:00,3,2012-11-28 00:00:00,2013
Barbara Peters,S085,A392,1.62,1.33,0.29,2013-06-09 00:00:00,3,2013-01-12 00:00:00,2013
Melissa Mcgee,S058,A351,1.21,1.74,-0.53,2013-09-13 00:00:00,4,2010-06-19 00:00:00,2012
Melissa Mcgee,S056,A360,1.41,1.78,-0.37,2013-10-27 00:00:00,3,2012-11-28 00:00:00,2013
Joshua Williams,S019,A415,1.28,1.6,-0.32,2012-12-01 00:00:00,4,2012-12-11 00:00:00,2013
Kenneth Mann,S072,A360,1.42,1.2,0.22,2013-11-30 00:00:00,4,2012-10-04 00:00:00,2013
Laura Bell,S065,A380,1.27,1.39,-0.12,2013-04-16 00:00:00,3,2013-01-09 00:00:00,2013
Mrs. Laura Long,S022,A408,1.33,1.35,-0.02,2013-08-26 00:00:00,4,2012-12-31 00:00:00,2013
William Reed,S020,A414,1.23,1.5,-0.27,2013-06-04 00:00:00,2,2016-02-14 00:00:00,2013
Jennifer Fisher,S084,A357,1.54,1.3,0.24,2013-04-07 00:00:00,2,2012-11-09 00:00:00,2013
Susan Patton,S009,A330,2.25,1.47,0.78,2013-10-19 00:00:00,3,2012-11-19 00:00:00,2016
Nicholas Pearson,S072,A342,1.35,1.24,0.11,2012-10-08 00:00:00,1,2010-11-20 00:00:00,2016
Gordon Taylor,S084,A379,2.07,1.44,0.63,2013-03-13 00:00:00,3,2012-12-14 00:00:00,2016
Ronald Lynch,S080,A369,1.33,1.2,0.13,2013-07-13 00:00:00,2,2012-09-21 00:00:00,2014
Rebecca Hunter DDS,S058,A360,1.57,1.45,0.12,2013-03-11 00:00:00,4,2012-03-10 00:00:00,2012
Mrs. Laura Long,S028,A101,1.21,1.2,0.01,2013-01-19 00:00:00,4,2012-11-02 00:00:00,2013
Brian Weber,S090,A406,1.21,1.28,-0.07,2012-10-02 00:00:00,2,2013-02-11 00:00:00,2016
Tiffany Morrison,S020,A368,1.41,1.2,0.21,2013-04-15 00:00:00,4,2012-10-26 00:00:00,2013
Kathryn Rodriguez,S006,A345,1.26,1.68,-0.42,2012-11-29 00:00:00,4,2013-01-01 00:00:00,2016
Rachel Gutierrez,S042,A379,1.37,1.48,-0.11,2013-07-14 00:00:00,3,2014-02-03 00:00:00,2014
Jennifer Miranda,S079,A400,1.47,1.2,0.27,2013-02-06 00:00:00,1,2013-01-20 00:00:00,2012
Kristin Alvarez,S048,A381,1.24,1.48,-0.24,2013-06-21 00:00:00,3,2012-02-14 00:00:00,2013
Chelsea Myers,S026,A389,1.63,1.2,0.43,2013-09-19 00:00:00,4,2014-05-24 00:00:00,2016
Laura Bell,S010,A397,1.42,1.2,0.22,2012-11-16 00:00:00,4,2012-12-25 00:00:00,2013
Rachel Gutierrez,S017,A369,1.78,1.91,-0.13,2013-05-18 00:00:00,3,2011-02-05 00:00:00,2013
Joshua Williams,S049,A400,2.03,1.34,0.69,2013-01-13 00:00:00,3,2014-02-06 00:00:00,2013
Brian Herrera,S038,A409,1.21,1.44,-0.23,2012-12-23 00:00:00,4,2012-12-24 00:00:00,2013
Melanie Robinson,S088,A408,1.21,1.3,-0.09,2013-06-17 00:00:00,4,2018-02-01 00:00:00,2013
Jamie Flores,S073,A402,1.3,1.2,0.1,2013-06-02 00:00:00,3,2013-02-24 00:00:00,2013
Ashley Peters,S087,A367,1.21,1.26,-0.05,2013-05-14 00:00:00,2,2012-01-12 00:00:00,2013
Robert Vazquez,S023,A357,1.68,1.21,0.47,2013-05-23 00:00:00,1,2012-10-11 00:00:00,2012
Gordon Taylor,S036,A400,1.24,1.24,0.0,2012-11-21 00:00:00,3,2012-12-14 00:00:00,2013
Ann Johnson,S071,A346,1.68,1.2,0.48,2013-07-20 00:00:00,2,2013-01-27 00:00:00,2016
Brittney Davis,S001,A400,1.42,1.2,0.22,2013-04-30 00:00:00,1,2011-03-10 00:00:00,2016
Michael Taylor,S011,A400,1.39,1.2,0.19,2014-01-09 00:00:00,3,2012-10-30 00:00:00,2013
Gordon Taylor,S049,A357,1.52,1.25,0.27,2013-10-08 00:00:00,2,2012-12-25 00:00:00,2016
Chad Greer DDS,S080,A320,1.21,1.62,-0.41,2011-12-20 00:00:00,2,2012-11-07 00:00:00,2013
Ronald Lynch,S001,A368,1.39,1.56,-0.17,2013-04-17 00:00:00,3,2012-09-22 00:00:00,2013
Robert Faulkner,S036,A320,1.25,1.31,-0.06,2012-12-19 00:00:00,1,2012-11-23 00:00:00,2013
Emma Smith,S022,A341,1.46,1.4,0.06,2013-06-09 00:00:00,4,2012-12-17 00:00:00,2016
Pamela Campbell,S093,A101,1.21,1.28,-0.07,2013-12-02 00:00:00,4,2011-02-06 00:00:00,2013
Emma Smith,S022,A341,1.3,1.41,-0.11,2013-02-26 00:00:00,4,2013-02-23 00:00:00,2016
Jamie Flores,S057,A415,1.28,1.2,0.08,2012-07-18 00:00:00,3,2013-01-12 00:00:00,2013
Leslie Strong,S001,A396,1.35,1.4,-0.05,2013-07-09 00:00:00,4,2013-01-27 00:00:00,2013
Adam Robinson,S043,A377,1.38,1.52,-0.14,2013-01-17 00:00:00,1,2012-05-20 00:00:00,2013
Adam Robinson,S013,A391,1.24,1.25,-0.01,2013-08-18 00:00:00,4,2012-12-22 00:00:00,2013
Melissa Mcgee,S071,B747,1.26,1.67,-0.41,2014-01-05 00:00:00,2,2011-04-06 00:00:00,2016
Selena Morris,S078,A346,1.72,1.34,0.38,2013-06-11 00:00:00,4,2013-01-01 00:00:00,2015
Kathryn Rodriguez,S013,A400,1.21,1.2,0.01,2012-09-01 00:00:00,4,2012-02-24 00:00:00,2016
Brian Weber,S007,A393,1.46,1.2,0.26,2013-12-22 00:00:00,4,2013-03-12 00:00:00,2011
Ann Johnson,S017,A396,1.42,1.38,0.04,2013-04-09 00:00:00,4,2012-12-28 00:00:00,2013
Tristan Sandoval,S059,A377,1.21,1.26,-0.05,2013-05-18 00:00:00,4,2013-02-07 00:00:00,2013
Ashley Cohen,S023,A395,1.78,1.26,0.52,2012-11-05 00:00:00,3,2012-11-27 00:00:00,2013
Thomas Smith,S011,A342,1.66,1.35,0.31,2012-10-09 00:00:00,3,2013-02-24 00:00:00,2013
Bryan Johnson,S013,A388,1.53,1.54,-0.01,2013-03-01 00:00:00,3,2013-01-24 00:00:00,2013
Cheryl Guerrero,S046,A359,1.24,1.21,0.03,2012-11-11 00:00:00,3,2011-08-07 00:00:00,2013
Jesse Jackson,S085,A400,1.27,1.37,-0.1,2013-06-30 00:00:00,3,2012-09-18 00:00:00,2013
Susan Jenkins,S052,A363,1.21,1.77,-0.56,2012-12-15 00:00:00,1,2012-11-09 00:00:00,2013
Brian Weber,S070,A340,1.26,1.2,0.06,2013-09-09 00:00:00,3,2012-11-17 00:00:00,2012
Michael Taylor,S006,A356,1.21,1.58,-0.37,2013-10-29 00:00:00,1,2012-12-22 00:00:00,2015
Chelsea Myers,S028,A400,1.21,1.23,-0.02,2013-05-16 00:00:00,2,2012-02-23 00:00:00,2012
Eric Kim,S054,A356,1.23,1.49,-0.26,2013-05-21 00:00:00,4,2012-10-19 00:00:00,2016
Tina Watson,S048,A385,3.04,1.2,1.84,2013-03-31 00:00:00,3,2012-09-30 00:00:00,2013
Cristian Waters,S090,A340,2.12,1.2,0.92,2013-10-23 00:00:00,2,2012-11-22 00:00:00,2013
James Montgomery,S006,A370,1.21,1.2,0.01,2012-09-06 00:00:00,3,2013-01-05 00:00:00,2015
Tristan Sandoval,S090,A371,1.45,1.25,0.2,2012-11-28 00:00:00,4,2012-08-29 00:00:00,2013
Adrian Howard,S054,A405,1.21,1.46,-0.25,2013-07-30 00:00:00,4,2012-10-17 00:00:00,2013
Robert Faulkner,S039,A368,1.48,1.2,0.28,2013-03-02 00:00:00,4,2013-01-14 00:00:00,2013
Cristian Waters,S023,A376,1.21,1.34,-0.13,2013-08-30 00:00:00,3,2013-01-23 00:00:00,2013
Robert Vazquez,S076,A330,1.3,1.51,-0.21,2013-06-02 00:00:00,3,2011-07-21 00:00:00,2013
Joshua Williams,S052,A358,1.75,1.31,0.44,2013-03-10 00:00:00,3,2012-08-31 00:00:00,2016
Brian Weber,S044,A345,1.36,1.5,-0.14,2013-08-23 00:00:00,4,2013-01-01 00:00:00,2013
Rebecca Hunter DDS,S024,A404,1.25,1.28,-0.03,2012-11-22 00:00:00,2,2013-01-16 00:00:00,2013
Bryan Johnson,S046,A346,2.0,1.2,0.8,2013-08-12 00:00:00,3,2018-01-07 00:00:00,2013
Selena Morris,S036,A399,1.42,1.28,0.14,2013-01-14 00:00:00,3,2013-02-14 00:00:00,2012
Michael Taylor,S071,A371,1.21,1.28,-0.07,2012-12-31 00:00:00,2,2013-01-20 00:00:00,2016
Robert Faulkner,S056,A330,1.26,1.6,-0.34,2013-03-21 00:00:00,3,2014-01-03 00:00:00,2013
Tina Watson,S044,B747,1.33,1.39,-0.06,2013-07-01 00:00:00,4,2013-03-22 00:00:00,2016
Adam Robinson,S076,A342,1.31,1.69,-0.38,2013-09-27 00:00:00,3,2010-08-11 00:00:00,2013
James Montgomery,S080,A380,1.33,1.34,-0.01,2012-10-16 00:00:00,3,2012-12-16 00:00:00,2014
Eric Kim,S071,A356,1.28,1.7,-0.42,2013-12-11 00:00:00,4,2012-11-05 00:00:00,2016
Jeremy Garcia,S022,B747,1.38,1.27,0.11,2013-02-08 00:00:00,3,2015-04-11 00:00:00,2013
Cristian Waters,S027,A400,1.21,1.5,-0.29,2012-11-13 00:00:00,1,2012-12-17 00:00:00,2013
Brittney Davis,S072,A400,1.21,1.77,-0.56,2013-04-24 00:00:00,2,2012-11-11 00:00:00,2013
Amanda Wiley,S045,A405,1.21,1.32,-0.11,2013-11-04 00:00:00,2,2013-04-03 00:00:00,2013
Brandy Hancock,S057,A374,1.21,1.29,-0.08,2013-04-14 00:00:00,4,2012-09-23 00:00:00,2013
Brian Weber,S076,A349,1.55,1.27,0.28,2013-08-11 00:00:00,4,2012-12-01 00:00:00,2013
Adam Robinson,S011,A400,1.23,3.16,-1.93,2014-02-11 00:00:00,2,2012-10-12 00:00:00,2013
Susan Patton,S077,A364,1.54,1.24,0.3,2013-02-05 00:00:00,2,2012-12-08 00:00:00,2013
Eric Moore,S058,A344,1.21,1.25,-0.04,2013-09-17 00:00:00,1,2012-10-30 00:00:00,2013
Brian Herrera,S092,A400,1.21,1.2,0.01,2012-12-21 00:00:00,4,2013-01-30 00:00:00,2013
Melissa Mcgee,S001,A402,1.23,1.22,0.01,2012-10-24 00:00:00,1,2013-04-14 00:00:00,2013
Rachel Gutierrez,S028,A380,1.21,1.58,-0.37,2013-01-18 00:00:00,4,2013-02-22 00:00:00,2013
Ronald Lynch,S065,A101,1.55,1.25,0.3,2012-12-05 00:00:00,3,2012-11-13 00:00:00,2012
Mrs. Laura Long,S029,A414,1.46,1.32,0.14,2013-08-12 00:00:00,4,2012-09-19 00:00:00,2013
Brandy Hancock,S003,A368,1.35,1.28,0.07,2013-09-01 00:00:00,2,2012-09-27 00:00:00,2016
Jeremy Garcia,S036,A101,1.24,1.35,-0.11,2013-12-17 00:00:00,4,2012-12-30 00:00:00,2012
Deborah Berg,S018,A360,1.25,1.2,0.05,2013-11-12 00:00:00,4,2011-11-11 00:00:00,2013
William Vargas,S003,A406,1.21,2.15,-0.94,2012-11-26 00:00:00,2,2013-01-28 00:00:00,2013
Jennifer Miranda,S051,A101,1.54,1.32,0.22,2013-01-17 00:00:00,1,2012-07-31 00:00:00,2016
Deborah Berg,S013,A330,1.26,1.2,0.06,2013-08-10 00:00:00,3,2014-11-12 00:00:00,2013
Ann Johnson,S032,A400,2.13,1.21,0.92,2013-05-11 00:00:00,2,2016-01-03 00:00:00,2013
Thomas Smith,S021,A348,1.21,2.01,-0.8,2012-08-24 00:00:00,2,2011-07-14 00:00:00,2013
Adam Robinson,S018,A347,1.36,1.57,-0.21,2012-12-10 00:00:00,4,2012-12-31 00:00:00,2013
Jennifer Fisher,S085,A344,1.65,1.36,0.29,2013-04-06 00:00:00,2,2010-12-20 00:00:00,2013
Susan Patton,S006,A378,2.14,1.2,0.94,2013-07-15 00:00:00,4,2016-10-17 00:00:00,2013
Jamie Flores,S081,A400,1.21,1.53,-0.32,2013-04-14 00:00:00,2,2012-11-15 00:00:00,2013
Jay Wells,S084,A362,1.27,1.35,-0.08,2013-08-14 00:00:00,4,2012-12-18 00:00:00,2016
Jacqueline Wilcox,S017,A363,1.21,1.2,0.01,2012-12-23 00:00:00,1,2013-03-07 00:00:00,2012
Sarah Wright,S086,A398,1.21,1.52,-0.31,2012-07-23 00:00:00,1,2016-09-02 00:00:00,2013
Kathryn Rodriguez,S051,A378,1.51,1.48,0.03,2012-11-28 00:00:00,4,2012-11-21 00:00:00,2013
Brian Weber,S047,A101,1.36,1.54,-0.18,2013-07-26 00:00:00,4,2012-10-24 00:00:00,2013
Emma Smith,S083,A368,1.27,2.63,-1.36,2013-04-09 00:00:00,3,2012-11-19 00:00:00,2013
Cheryl Guerrero,S083,A374,1.39,1.2,0.19,2013-12-28 00:00:00,3,2013-01-18 00:00:00,2012
Ryan Sullivan,S005,A356,1.37,1.35,0.02,2013-12-16 00:00:00,4,2012-10-01 00:00:00,2013
Catherine Sanchez,S083,A402,1.25,1.49,-0.24,2013-12-21 00:00:00,2,2012-12-08 00:00:00,2013
Mrs. Laura Long,S058,A356,1.37,1.2,0.17,2013-03-23 00:00:00,3,2012-10-17 00:00:00,2013
Michael Taylor,S036,A330,1.49,1.2,0.29,2013-07-16 00:00:00,3,2013-01-07 00:00:00,2013
Charles Chapman,S070,B747,1.21,1.42,-0.21,2013-08-23 00:00:00,2,2012-10-09 00:00:00,2013
Laura Bell,S059,A372,1.44,1.21,0.23,2013-01-21 00:00:00,1,2012-11-25 00:00:00,2012
William Vargas,S038,A362,1.24,1.36,-0.12,2012-12-24 00:00:00,3,2012-12-01 00:00:00,2013
Eric Kim,S040,A397,1.41,1.2,0.21,2012-07-30 00:00:00,4,2012-10-21 00:00:00,2013
Adam Robinson,S040,A414,1.38,1.39,-0.01,2012-08-02 00:00:00,1,2013-01-27 00:00:00,2013
Stephanie Chavez,S075,A393,1.54,1.28,0.26,2012-09-24 00:00:00,4,2011-12-21 00:00:00,2013
Brittney Davis,S053,A340,1.28,1.42,-0.14,2013-02-27 00:00:00,3,2012-12-07 00:00:00,2013
Susan Jenkins,S063,A385,1.22,1.38,-0.16,2013-03-30 00:00:00,3,2013-01-06 00:00:00,2013
Amber Patton,S049,A404,1.21,1.4,-0.19,2013-10-28 00:00:00,4,2013-03-12 00:00:00,2016
Mrs. Laura Long,S093,A377,1.24,1.61,-0.37,2012-09-14 00:00:00,1,2012-06-03 00:00:00,2013
Jamie Flores,S058,A365,1.5,1.21,0.29,2012-11-22 00:00:00,4,2012-12-17 00:00:00,2016
Kathryn Rodriguez,S027,A340,1.36,1.53,-0.17,2013-06-08 00:00:00,4,2010-10-14 00:00:00,2013
Charles Chapman,S023,A400,1.24,1.42,-0.18,2012-11-16 00:00:00,1,2012-11-26 00:00:00,2013
Tony Allen,S078,A350,1.23,1.39,-0.16,2013-03-08 00:00:00,3,2013-02-03 00:00:00,2016
Amanda Wiley,S069,A345,1.37,2.77,-1.4,2014-01-28 00:00:00,4,2013-02-18 00:00:00,2012
William Reed,S027,A407,1.62,1.24,0.38,2013-12-19 00:00:00,3,2012-11-23 00:00:00,2015
Kristin Alvarez,S088,A352,1.21,1.5,-0.29,2014-01-16 00:00:00,1,2012-09-30 00:00:00,2013
Jacqueline Wilcox,S088,A386,1.43,1.39,0.04,2013-07-02 00:00:00,1,2011-02-11 00:00:00,2013
Amber Patton,S038,A359,1.3,1.26,0.04,2013-08-14 00:00:00,2,2012-11-26 00:00:00,2013
Joshua Williams,S005,A397,1.33,1.2,0.13,2012-08-10 00:00:00,1,2012-12-05 00:00:00,2016
Laura Bell,S021,A390,1.33,1.21,0.12,2012-10-11 00:00:00,2,2012-06-04 00:00:00,2016
Kathryn Rodriguez,S051,A396,1.21,1.32,-0.11,2014-01-21 00:00:00,1,2012-12-05 00:00:00,2013
Amber Patton,S044,A363,1.21,1.2,0.01,2012-10-01 00:00:00,3,2013-01-10 00:00:00,2013
Nicole Brown,S058,A404,1.32,1.35,-0.03,2012-09-20 00:00:00,3,2012-11-02 00:00:00,2013
Nicole Brown,S093,A320,1.27,1.36,-0.09,2012-12-24 00:00:00,4,2013-02-05 00:00:00,2013
Tony Allen,S067,A390,1.67,1.24,0.43,2013-10-12 00:00:00,1,2011-03-16 00:00:00,2013
Ronald Lynch,S069,A373,1.28,1.24,0.04,2012-12-21 00:00:00,1,2013-01-03 00:00:00,2013
Sean Carter,S001,A405,1.58,1.36,0.22,2013-02-20 00:00:00,4,2013-01-05 00:00:00,2013
Stephanie Scott,S042,A370,1.3,1.4,-0.1,2012-10-21 00:00:00,1,2012-10-18 00:00:00,2012
Andre Nicholson,S020,A367,1.26,1.2,0.06,2013-09-14 00:00:00,4,2013-01-01 00:00:00,2013
Andre Nicholson,S080,A372,1.53,1.24,0.29,2013-08-24 00:00:00,4,2012-11-20 00:00:00,2013
William Vargas,S003,A358,1.52,1.8,-0.28,2013-05-18 00:00:00,4,2012-12-29 00:00:00,2013
Melanie Robinson,S039,A386,1.25,1.2,0.05,2013-08-04 00:00:00,3,2015-04-10 00:00:00,2013
Cheryl Guerrero,S001,A368,1.7,1.44,0.26,2012-02-22 00:00:00,2,2011-12-25 00:00:00,2013
Jennifer Fisher,S036,A367,1.65,1.2,0.45,2013-02-26 00:00:00,2,2017-05-24 00:00:00,2016
Gabrielle White,S019,A372,1.29,1.78,-0.49,2013-06-23 00:00:00,2,2011-02-10 00:00:00,2013
Ashley Cohen,S092,A374,1.23,1.56,-0.33,2013-07-26 00:00:00,3,2011-04-23 00:00:00,2016
Thomas Smith,S026,A370,1.21,1.39,-0.18,2013-03-20 00:00:00,1,2011-05-29 00:00:00,2013
Leslie Strong,S008,A377,1.53,1.59,-0.06,2012-10-24 00:00:00,3,2011-02-07 00:00:00,2013
Gwendolyn Solis,S092,A352,1.54,1.38,0.16,2013-11-06 00:00:00,4,2012-12-09 00:00:00,2013
Jamie Flores,S049,A320,1.21,1.2,0.01,2012-08-07 00:00:00,3,2012-10-21 00:00:00,2016
Kenneth Mann,S051,A370,1.21,1.2,0.01,2012-09-25 00:00:00,1,2012-04-03 00:00:00,2013
Susan Jenkins,S050,A396,2.28,1.2,1.08,2013-11-13 00:00:00,4,2011-10-27 00:00:00,2013
Rachel Gutierrez,S021,A341,1.41,2.2,-0.79,2013-05-05 00:00:00,2,2012-11-30 00:00:00,2013
Selena Morris,S046,A351,1.28,1.22,0.06,2013-12-13 00:00:00,4,2012-11-15 00:00:00,2013
Jennifer Fisher,S041,A362,1.22,1.35,-0.13,2013-04-11 00:00:00,2,2010-04-13 00:00:00,2013
Amber Patton,S064,A380,1.51,1.28,0.23,2012-12-02 00:00:00,4,2013-01-05 00:00:00,2012
Ronald Lynch,S001,A365,1.34,1.41,-0.07,2013-06-14 00:00:00,4,2012-11-23 00:00:00,2013
Jeremy Garcia,S047,A375,1.48,1.68,-0.2,2013-06-17 00:00:00,3,2012-11-13 00:00:00,2013
Ronald Lynch,S046,A400,1.39,1.72,-0.33,2013-06-05 00:00:00,2,2012-09-10 00:00:00,2013
Jose Cooper,S074,A398,1.59,1.2,0.39,2012-08-19 00:00:00,3,2012-11-17 00:00:00,2013
Stephanie Chavez,S067,A358,1.21,1.71,-0.5,2013-08-02 00:00:00,3,2012-10-20 00:00:00,2013
Jay Wells,S001,A414,1.21,1.29,-0.08,2013-06-16 00:00:00,3,2013-01-17 00:00:00,2013
Chelsea Myers,S020,B747,1.21,1.33,-0.12,2013-05-01 00:00:00,4,2011-10-27 00:00:00,2013
William Jimenez,S037,A415,1.5,1.54,-0.04,2012-10-30 00:00:00,1,2012-10-28 00:00:00,2013
Mrs. Laura Long,S090,A381,1.71,3.16,-1.45,2013-07-28 00:00:00,2,2012-11-09 00:00:00,2012
William Jimenez,S071,A404,1.21,1.36,-0.15,2013-04-30 00:00:00,2,2010-11-20 00:00:00,2015
Cristian Waters,S054,A407,1.5,1.43,0.07,2014-01-04 00:00:00,2,2012-02-08 00:00:00,2013
Kristin Alvarez,S044,A386,1.28,1.72,-0.44,2013-03-11 00:00:00,1,2012-10-29 00:00:00,2013
Rachel Gutierrez,S061,A381,1.21,1.44,-0.23,2013-07-15 00:00:00,1,2012-10-30 00:00:00,2013
Susan Patton,S010,A385,1.25,1.2,0.05,2013-07-10 00:00:00,4,2013-02-11 00:00:00,2016
William Vargas,S051,A379,1.73,1.37,0.36,2012-10-12 00:00:00,3,2012-10-27 00:00:00,2013
Jay Wells,S014,A362,1.24,2.14,-0.9,2013-01-28 00:00:00,3,2011-02-21 00:00:00,2013
Melanie Robinson,S006,A360,1.21,1.54,-0.33,2013-02-25 00:00:00,3,2013-01-03 00:00:00,2013
Pamela Campbell,S064,A401,1.41,1.2,0.21,2013-08-12 00:00:00,4,2012-08-30 00:00:00,2013
William Reed,S079,A397,1.21,1.6,-0.39,2013-11-02 00:00:00,4,2011-06-01 00:00:00,2013
Charles Chapman,S049,A361,1.43,1.2,0.23,2013-02-27 00:00:00,2,2011-05-09 00:00:00,2013
Mrs. Laura Long,S080,A408,1.52,1.23,0.29,2012-09-30 00:00:00,3,2012-11-05 00:00:00,2013
Eric Kim,S008,A377,1.31,1.42,-0.11,2013-01-27 00:00:00,4,2018-03-24 00:00:00,2013
Stephanie Chavez,S076,A361,1.21,1.39,-0.18,2013-03-29 00:00:00,4,2010-08-05 00:00:00,2013
Barbara Peters,S008,A378,1.41,1.59,-0.18,2013-02-25 00:00:00,1,2012-12-09 00:00:00,2013
Emma Smith,S070,A389,1.22,1.54,-0.32,2013-04-14 00:00:00,3,2013-01-06 00:00:00,2012
Jesse Jackson,S050,A380,1.5,1.27,0.23,2012-12-21 00:00:00,3,2012-10-22 00:00:00,2013
Adam Robinson,S024,A379,1.72,1.2,0.52,2014-03-03 00:00:00,4,2012-09-21 00:00:00,2016
Kristine Taylor,S038,A405,1.4,1.98,-0.58,2013-02-08 00:00:00,1,2012-09-16 00:00:00,2013
Jeremy Garcia,S059,A362,1.25,2.89,-1.64,2013-04-21 00:00:00,1,2012-12-21 00:00:00,2013
William Reed,S001,A369,1.21,1.2,0.01,2013-04-29 00:00:00,4,2013-02-07 00:00:00,2013
Anne Chavez,S061,A342,1.41,1.29,0.12,2013-08-10 00:00:00,1,2011-05-08 00:00:00,2013
Bryan Johnson,S053,A401,1.21,3.06,-1.85,2013-07-30 00:00:00,1,2012-11-11 00:00:00,2012
Ronald Lynch,S069,A320,1.34,1.66,-0.32,2011-10-25 00:00:00,1,2011-10-17 00:00:00,2013
Pamela Campbell,S038,A412,1.21,1.54,-0.33,2014-02-10 00:00:00,3,2013-01-26 00:00:00,2013
Chad Greer DDS,S064,A387,1.43,1.2,0.23,2012-11-25 00:00:00,2,2015-02-20 00:00:00,2013
Jennifer Fisher,S034,A357,1.39,1.2,0.19,2013-01-05 00:00:00,3,2013-02-10 00:00:00,2016
Kathryn Rodriguez,S047,A380,1.83,1.4,0.43,2013-02-10 00:00:00,3,2012-11-14 00:00:00,2013
Tiffany Morrison,S050,A375,1.21,1.48,-0.27,2013-04-24 00:00:00,4,2013-03-19 00:00:00,2013
Tiffany Morrison,S013,A400,1.21,1.3,-0.09,2013-08-30 00:00:00,2,2011-03-07 00:00:00,2012
Melanie Robinson,S009,A101,1.29,1.49,-0.2,2013-03-05 00:00:00,4,2012-11-09 00:00:00,2013
Megan Greene,S021,A374,2.16,1.33,0.83,2012-09-26 00:00:00,2,2013-01-05 00:00:00,2013
Margaret English,S073,A410,1.27,1.47,-0.2,2013-07-01 00:00:00,2,2013-01-10 00:00:00,2013
Jennifer Miranda,S053,A320,1.53,1.2,0.33,2013-01-21 00:00:00,3,2015-02-24 00:00:00,2013
William Jimenez,S048,A350,1.96,1.2,0.76,2013-08-11 00:00:00,3,2012-10-27 00:00:00,2013
William Jimenez,S067,A395,1.23,1.4,-0.17,2012-11-16 00:00:00,4,2012-12-13 00:00:00,2013
Susan Jenkins,S008,B747,1.21,1.46,-0.25,2013-07-15 00:00:00,2,2013-07-27 00:00:00,2016
Amy Eaton,S027,A348,1.21,1.44,-0.23,2013-04-04 00:00:00,3,2013-03-29 00:00:00,2013
Stephanie Chavez,S061,A363,1.34,1.53,-0.19,2012-09-19 00:00:00,4,2012-10-17 00:00:00,2013
Stephanie Scott,S034,A320,1.21,2.46,-1.25,2013-02-25 00:00:00,4,2013-01-29 00:00:00,2016
Nicholas Pearson,S056,A386,1.35,1.59,-0.24,2013-12-27 00:00:00,1,2012-11-11 00:00:00,2012
Kathryn Rodriguez,S024,A396,1.21,1.2,0.01,2012-09-13 00:00:00,4,2012-11-30 00:00:00,2014
Judy Ramirez,S057,A320,1.42,1.2,0.22,2013-07-01 00:00:00,3,2012-09-07 00:00:00,2013
Joshua Williams,S087,A379,1.26,1.35,-0.09,2012-09-13 00:00:00,1,2012-09-26 00:00:00,2016
James Montgomery,S022,A375,1.5,1.25,0.25,2013-09-18 00:00:00,4,2010-10-12 00:00:00,2013
Kristin Alvarez,S056,A394,1.21,1.53,-0.32,2012-08-10 00:00:00,3,2010-09-01 00:00:00,2013
Ronald Lynch,S010,A356,1.78,2.04,-0.26,2013-11-19 00:00:00,3,2010-12-30 00:00:00,2013
Cheryl Guerrero,S024,A412,1.21,1.79,-0.58,2013-10-05 00:00:00,4,2012-11-07 00:00:00,2013
Charles Chapman,S066,A388,1.21,1.34,-0.13,2013-09-03 00:00:00,3,2013-01-12 00:00:00,2013
Tammy Bernard,S034,A346,1.35,1.21,0.14,2013-09-06 00:00:00,3,2013-02-13 00:00:00,2013
Brittney Davis,S023,A400,1.24,1.26,-0.02,2014-04-10 00:00:00,3,2013-03-02 00:00:00,2013
Sarah Wright,S019,A391,1.48,1.2,0.28,2013-10-07 00:00:00,2,2012-07-16 00:00:00,2012
Jamie Flores,S032,A330,1.68,1.2,0.48,2013-10-27 00:00:00,1,2012-08-27 00:00:00,2013
Brittney Davis,S001,A409,1.42,1.22,0.2,2011-12-11 00:00:00,3,2012-12-21 00:00:00,2016
Tammy Bernard,S041,A101,1.47,1.41,0.06,2013-01-05 00:00:00,4,2013-06-17 00:00:00,2013
Leslie Strong,S016,A349,1.21,1.3,-0.09,2013-07-27 00:00:00,1,2011-12-03 00:00:00,2013
Selena Morris,S006,A330,1.44,1.79,-0.35,2013-08-16 00:00:00,3,2010-06-04 00:00:00,2013
Jesse Jackson,S083,A377,1.36,1.43,-0.07,2013-07-12 00:00:00,4,2012-12-24 00:00:00,2016
Judy Ramirez,S077,A346,1.28,1.53,-0.25,2013-03-21 00:00:00,2,2012-11-30 00:00:00,2013
Kathryn Rodriguez,S009,A410,1.27,1.2,0.07,2012-08-08 00:00:00,3,2012-10-29 00:00:00,2013
Margaret English,S056,A412,1.31,1.2,0.11,2012-09-14 00:00:00,3,2012-12-04 00:00:00,2013
Kathryn Rodriguez,S064,A394,1.22,1.39,-0.17,2013-04-03 00:00:00,2,2012-12-17 00:00:00,2013
Judy Ramirez,S080,A401,1.8,1.23,0.57,2013-04-11 00:00:00,3,2012-11-21 00:00:00,2016
Tina Watson,S073,A341,1.82,1.24,0.58,2013-02-20 00:00:00,3,2012-10-26 00:00:00,2013
Gregory Oneill,S029,A360,1.69,1.4,0.29,2014-01-02 00:00:00,3,2012-10-05 00:00:00,2016
Amber Patton,S064,A356,1.78,1.23,0.55,2013-05-22 00:00:00,2,2011-05-09 00:00:00,2014
Catherine Sanchez,S014,A381,1.27,1.2,0.07,2013-06-01 00:00:00,2,2012-12-28 00:00:00,2012
Chad Greer DDS,S085,A366,1.46,1.22,0.24,2013-03-09 00:00:00,1,2012-11-02 00:00:00,2013
Ann Johnson,S036,A402,1.35,1.2,0.15,2013-05-29 00:00:00,2,2012-10-26 00:00:00,2013
Amber Patton,S006,A400,1.21,1.34,-0.13,2013-09-12 00:00:00,4,2012-11-30 00:00:00,2013
Emma Smith,S027,A344,1.21,1.21,0.0,2012-01-25 00:00:00,1,2012-11-17 00:00:00,2013
Melissa Mcgee,S055,A367,1.82,1.2,0.62,2013-04-27 00:00:00,3,2013-01-09 00:00:00,2013
Melissa Mcgee,S038,A404,1.27,1.22,0.05,2013-07-15 00:00:00,2,2013-01-12 00:00:00,2016
Nicole Brown,S080,A377,1.21,1.44,-0.23,2014-01-19 00:00:00,2,2012-12-11 00:00:00,2013
Robert Faulkner,S058,A356,1.57,1.32,0.25,2012-11-16 00:00:00,3,2012-11-02 00:00:00,2014
Susan Jenkins,S017,A373,1.36,1.4,-0.04,2013-04-28 00:00:00,1,2013-01-13 00:00:00,2013
Pamela Campbell,S071,A340,1.42,1.51,-0.09,2013-09-03 00:00:00,4,2012-11-05 00:00:00,2013
Brittney Davis,S028,A386,1.38,1.34,0.04,2013-09-06 00:00:00,3,2012-09-24 00:00:00,2013
Ronald Lynch,S058,A400,1.21,1.87,-0.66,2012-10-10 00:00:00,4,2011-03-07 00:00:00,2016
Judy Ramirez,S069,A345,1.54,1.33,0.21,2012-10-11 00:00:00,1,2013-01-15 00:00:00,2013
Diana Liu,S067,A380,1.21,1.2,0.01,2012-05-08 00:00:00,4,2013-02-04 00:00:00,2013
Susan Jenkins,S022,A390,1.42,1.28,0.14,2013-06-20 00:00:00,1,2012-03-06 00:00:00,2016
Jeremy Garcia,S029,A369,1.57,1.2,0.37,2013-03-22 00:00:00,1,2013-01-05 00:00:00,2013
Rebecca Hunter DDS,S078,A410,1.21,1.29,-0.08,2014-01-06 00:00:00,2,2012-10-29 00:00:00,2013
Ronald Lynch,S074,A373,1.52,1.2,0.32,2014-02-20 00:00:00,1,2014-12-04 00:00:00,2013
Jennifer Fisher,S041,A372,1.49,1.2,0.29,2011-12-12 00:00:00,2,2012-09-18 00:00:00,2016
Susan Patton,S023,A379,1.28,1.48,-0.2,2013-07-06 00:00:00,4,2016-01-11 00:00:00,2012
Chad Greer DDS,S042,A396,1.4,1.45,-0.05,2013-08-28 00:00:00,4,2011-02-07 00:00:00,2016
Brittney Davis,S075,A402,1.21,2.02,-0.81,2013-06-23 00:00:00,4,2012-12-27 00:00:00,2013
Tiffany Morrison,S077,A348,1.21,1.59,-0.38,2011-05-09 00:00:00,2,2013-04-09 00:00:00,2013
Tina Watson,S044,A385,2.14,1.31,0.83,2013-04-30 00:00:00,2,2012-09-25 00:00:00,2016
Diana Liu,S084,A394,1.21,1.64,-0.43,2013-05-02 00:00:00,1,2012-12-24 00:00:00,2013
Selena Morris,S009,A400,1.54,1.94,-0.4,2012-06-15 00:00:00,2,2012-11-17 00:00:00,2016
Derrick Schneider,S047,A366,1.45,1.46,-0.01,2013-11-30 00:00:00,2,2013-02-08 00:00:00,2013
Amanda Wiley,S048,A406,1.24,1.29,-0.05,2013-09-30 00:00:00,3,2013-01-07 00:00:00,2013
Charles Chapman,S035,A367,1.65,1.25,0.4,2012-10-30 00:00:00,4,2013-01-01 00:00:00,2013
Joshua Williams,S085,A354,1.48,1.67,-0.19,2013-07-14 00:00:00,2,2012-10-15 00:00:00,2013
Gabrielle White,S090,A366,2.17,1.31,0.86,2013-06-22 00:00:00,3,2012-08-20 00:00:00,2013
Gabrielle White,S084,A370,1.27,1.38,-0.11,2013-01-22 00:00:00,2,2011-11-21 00:00:00,2013
Chelsea Myers,S024,A366,1.28,1.26,0.02,2012-09-13 00:00:00,1,2011-02-16 00:00:00,2016
Cristian Waters,S088,A365,2.1,1.23,0.87,2014-01-06 00:00:00,3,2012-12-31 00:00:00,2013
Ashley Cohen,S022,A386,1.21,1.42,-0.21,2013-12-12 00:00:00,4,2013-03-09 00:00:00,2016
Catherine Sanchez,S010,A400,1.21,1.62,-0.41,2012-10-28 00:00:00,4,2012-09-19 00:00:00,2013
Gordon Taylor,S056,A372,1.54,1.34,0.2,2013-08-14 00:00:00,1,2011-08-01 00:00:00,2014
Laura Bell,S039,A351,1.33,1.68,-0.35,2011-09-13 00:00:00,2,2010-11-23 00:00:00,2013
Chloe Miller,S081,A101,1.21,1.58,-0.37,2013-07-07 00:00:00,1,2010-08-29 00:00:00,2013
Jacqueline Wilcox,S001,A330,1.21,1.66,-0.45,2013-08-25 00:00:00,1,2012-10-10 00:00:00,2016
Robert Faulkner,S059,A358,1.4,1.42,-0.02,2013-05-21 00:00:00,2,2012-12-29 00:00:00,2013
Eric Kim,S008,A363,1.24,1.47,-0.23,2013-05-23 00:00:00,4,2012-12-22 00:00:00,2016
Gina Evans,S050,A320,1.31,1.68,-0.37,2013-04-04 00:00:00,4,2013-02-15 00:00:00,2013
Cheryl Guerrero,S039,A396,1.5,1.35,0.15,2013-02-02 00:00:00,1,2012-11-13 00:00:00,2013
Chloe Miller,S066,A347,1.21,1.2,0.01,2013-06-15 00:00:00,4,2012-11-24 00:00:00,2013
Stephanie Scott,S024,A375,1.21,1.33,-0.12,2013-07-21 00:00:00,4,2017-01-21 00:00:00,2016
Adrian Howard,S088,A400,1.21,1.33,-0.12,2013-03-10 00:00:00,1,2011-05-11 00:00:00,2013
Tony Allen,S046,A400,1.6,1.2,0.4,2012-11-12 00:00:00,1,2013-01-09 00:00:00,2013
William Jimenez,S092,A360,1.21,1.42,-0.21,2013-08-27 00:00:00,3,2012-09-27 00:00:00,2013
Tony Allen,S017,A372,1.21,1.36,-0.15,2012-12-02 00:00:00,2,2012-09-23 00:00:00,2013
Derrick Schneider,S067,A358,1.35,1.74,-0.39,2013-05-31 00:00:00,3,2012-10-20 00:00:00,2012
Bryan Johnson,S058,A366,1.95,1.44,0.51,2013-03-06 00:00:00,2,2012-11-17 00:00:00,2016
Bryan Johnson,S029,A406,1.53,1.24,0.29,2013-06-18 00:00:00,4,2012-09-23 00:00:00,2012
Susan Jenkins,S014,A391,1.87,1.54,0.33,2012-10-11 00:00:00,1,2012-11-01 00:00:00,2013
Cheryl Guerrero,S039,A380,1.21,1.86,-0.65,2013-04-05 00:00:00,2,2012-10-28 00:00:00,2013
Amanda Wiley,S080,A380,2.06,1.22,0.84,2013-03-09 00:00:00,2,2013-03-11 00:00:00,2013
Stephanie Scott,S063,A340,1.58,1.2,0.38,2013-07-13 00:00:00,1,2013-02-13 00:00:00,2013
Tina Watson,S037,A380,1.38,1.32,0.06,2013-07-24 00:00:00,2,2012-11-17 00:00:00,2016
Susan Jenkins,S076,A345,1.41,1.2,0.21,2013-07-30 00:00:00,4,2015-12-08 00:00:00,2016
Andre Nicholson,S074,A391,1.38,1.34,0.04,2013-01-20 00:00:00,3,2013-01-01 00:00:00,2016
Michael Taylor,S028,A340,1.69,1.2,0.49,2013-05-28 00:00:00,3,2013-01-17 00:00:00,2013
Chad Greer DDS,S080,A407,1.68,1.4,0.28,2012-09-19 00:00:00,2,2011-01-24 00:00:00,2013
Kathryn Rodriguez,S050,A404,1.8,1.38,0.42,2013-05-14 00:00:00,3,2011-12-28 00:00:00,2016
Kathryn Rodriguez,S040,A387,1.44,1.35,0.09,2013-12-07 00:00:00,3,2012-05-08 00:00:00,2013
Brian Weber,S050,A372,1.66,1.92,-0.26,2013-06-09 00:00:00,1,2012-12-16 00:00:00,2013
Melanie Robinson,S070,A340,1.3,1.24,0.06,2013-08-25 00:00:00,2,2012-11-13 00:00:00,2013
Eric Kim,S064,A380,1.73,1.4,0.33,2013-05-09 00:00:00,3,2013-02-19 00:00:00,2011
Amber Patton,S016,A343,1.45,1.35,0.1,2013-07-21 00:00:00,3,2012-11-06 00:00:00,2013
Susan Jenkins,S068,A354,1.32,1.2,0.12,2013-06-29 00:00:00,2,2012-10-22 00:00:00,2013
Gordon Taylor,S058,A388,1.32,1.39,-0.07,2013-03-20 00:00:00,4,2013-03-06 00:00:00,2016
Ashley Peters,S076,A395,1.48,1.27,0.21,2013-09-26 00:00:00,3,2013-02-15 00:00:00,2013
Selena Morris,S011,A412,1.25,1.35,-0.1,2013-03-18 00:00:00,4,2012-09-18 00:00:00,2013
Rachel Gutierrez,S040,A398,1.22,1.27,-0.05,2012-10-23 00:00:00,2,2012-04-11 00:00:00,2016
Rebecca Hunter DDS,S019,A410,1.21,1.49,-0.28,2014-01-26 00:00:00,4,2011-07-16 00:00:00,2013
Mrs. Laura Long,S044,A381,1.21,1.31,-0.1,2013-07-26 00:00:00,4,2012-02-02 00:00:00,2016
Sarah Wright,S040,A360,1.46,1.29,0.17,2012-11-07 00:00:00,1,2011-02-21 00:00:00,2015
Tristan Sandoval,S028,A380,1.31,1.64,-0.33,2013-07-31 00:00:00,4,2012-09-21 00:00:00,2016
Melissa Mcgee,S093,A405,1.4,1.47,-0.07,2013-01-31 00:00:00,2,2013-02-23 00:00:00,2013
Ashley Howard,S059,A378,1.74,1.2,0.54,2013-01-31 00:00:00,3,2012-02-11 00:00:00,2013
Brandy Hancock,S065,A407,1.29,1.24,0.05,2013-03-23 00:00:00,3,2012-10-27 00:00:00,2013
Pamela Campbell,S006,B747,1.21,1.24,-0.03,2013-02-10 00:00:00,2,2012-12-22 00:00:00,2013
Brian Herrera,S046,A402,1.69,1.31,0.38,2013-04-09 00:00:00,3,2011-09-30 00:00:00,2013
Barbara Peters,S010,A372,1.73,1.44,0.29,2013-03-19 00:00:00,1,2012-09-07 00:00:00,2013
Selena Morris,S010,A395,1.46,1.39,0.07,2013-03-16 00:00:00,1,2010-09-15 00:00:00,2016
Jamie Flores,S053,A400,1.29,1.31,-0.02,2013-07-17 00:00:00,3,2011-12-02 00:00:00,2013
Barbara Peters,S052,A369,1.76,1.2,0.56,2013-11-27 00:00:00,4,2011-03-29 00:00:00,2016
Diana Liu,S066,A383,1.26,1.25,0.01,2014-01-05 00:00:00,1,2010-11-17 00:00:00,2012
Jesse Jackson,S077,A412,1.26,1.3,-0.04,2013-01-01 00:00:00,3,2012-09-28 00:00:00,2013
Gabrielle White,S019,A351,1.97,1.2,0.77,2012-09-18 00:00:00,2,2013-01-29 00:00:00,2013
Nicholas Pearson,S064,A397,1.21,1.48,-0.27,2012-11-16 00:00:00,4,2012-09-10 00:00:00,2016
James Montgomery,S059,A383,1.29,1.35,-0.06,2013-09-07 00:00:00,4,2012-11-17 00:00:00,2013
Brian Weber,S010,A341,1.51,1.2,0.31,2012-11-28 00:00:00,2,2012-11-13 00:00:00,2016
Latasha Allen,S049,A380,1.21,1.74,-0.53,2014-02-03 00:00:00,1,2012-11-18 00:00:00,2016
Thomas Smith,S021,A101,1.21,1.2,0.01,2012-10-06 00:00:00,1,2013-01-12 00:00:00,2013
Kristin Alvarez,S092,A346,1.21,2.85,-1.64,2013-10-03 00:00:00,2,2013-01-15 00:00:00,2016
Nicholas Pearson,S050,A393,1.21,1.53,-0.32,2013-03-26 00:00:00,2,2012-11-24 00:00:00,2013
Catherine Sanchez,S090,A101,1.48,1.27,0.21,2013-03-27 00:00:00,1,2011-01-13 00:00:00,2012
Chad Greer DDS,S052,A365,1.21,1.24,-0.03,2013-08-29 00:00:00,4,2011-02-27 00:00:00,2013
Jacqueline Wilcox,S049,A370,1.22,1.57,-0.35,2014-02-28 00:00:00,4,2012-11-26 00:00:00,2013
Diana Liu,S013,A320,1.21,1.26,-0.05,2013-01-04 00:00:00,1,2012-11-14 00:00:00,2013
Michael Taylor,S035,A400,1.22,2.03,-0.81,2012-12-22 00:00:00,1,2012-09-18 00:00:00,2016
Chelsea Myers,S057,A380,1.33,1.25,0.08,2013-11-05 00:00:00,4,2010-10-19 00:00:00,2016
Brittney Davis,S052,A341,1.41,3.0,-1.59,2013-04-21 00:00:00,1,2014-07-27 00:00:00,2013
Eric Kim,S070,A389,1.45,1.43,0.02,2013-10-11 00:00:00,4,2012-10-04 00:00:00,2013
Margaret English,S038,A370,1.8,1.2,0.6,2013-06-10 00:00:00,2,2010-10-02 00:00:00,2013
Megan Greene,S081,A372,1.3,1.2,0.1,2012-12-04 00:00:00,3,2012-12-24 00:00:00,2013
Jeremy Garcia,S048,A378,1.87,1.31,0.56,2013-09-04 00:00:00,1,2010-07-14 00:00:00,2013
Adam Robinson,S035,A342,1.21,1.23,-0.02,2013-02-14 00:00:00,1,2013-03-07 00:00:00,2013
Chad Greer DDS,S055,A408,1.21,1.29,-0.08,2012-11-18 00:00:00,2,2013-03-18 00:00:00,2013
Catherine Sanchez,S017,A348,1.32,1.41,-0.09,2013-10-15 00:00:00,4,2012-10-12 00:00:00,2012
Derrick Schneider,S047,A370,1.21,1.53,-0.32,2013-03-26 00:00:00,2,2012-12-27 00:00:00,2013
Emma Smith,S026,A386,1.58,1.64,-0.06,2013-04-06 00:00:00,4,2012-10-03 00:00:00,2012
William Vargas,S071,A380,1.21,3.06,-1.85,2013-03-24 00:00:00,4,2012-11-04 00:00:00,2013
Latasha Allen,S008,A341,1.92,1.78,0.14,2013-11-21 00:00:00,4,2012-06-17 00:00:00,2013
Leslie Strong,S065,A406,1.32,1.23,0.09,2013-02-08 00:00:00,4,2012-11-05 00:00:00,2013
Chloe Miller,S046,A369,1.21,1.49,-0.28,2013-12-04 00:00:00,4,2012-10-06 00:00:00,2013
Bryan Johnson,S018,A391,1.52,1.46,0.06,2013-04-23 00:00:00,3,2013-01-09 00:00:00,2016
Amanda Wiley,S043,A375,1.21,1.46,-0.25,2012-11-22 00:00:00,4,2013-02-13 00:00:00,2013
Catherine Sanchez,S029,A388,1.43,1.2,0.23,2012-11-09 00:00:00,4,2011-06-08 00:00:00,2016
Amber Patton,S056,B747,1.21,1.55,-0.34,2013-03-09 00:00:00,3,2012-10-25 00:00:00,2013
Melanie Robinson,S049,A380,1.21,1.42,-0.21,2013-10-01 00:00:00,4,2011-01-17 00:00:00,2011
Catherine Sanchez,S081,A383,1.21,1.59,-0.38,2013-02-11 00:00:00,1,2013-05-03 00:00:00,2016
Nicholas Pearson,S018,A101,1.51,1.43,0.08,2013-10-10 00:00:00,3,2012-10-14 00:00:00,2013
Judy Ramirez,S045,A349,1.58,3.16,-1.58,2013-12-25 00:00:00,3,2012-12-01 00:00:00,2016
Tammy Bernard,S042,A404,1.39,1.35,0.04,2013-04-21 00:00:00,3,2011-02-19 00:00:00,2012
Tristan Sandoval,S018,A395,1.6,1.68,-0.08,2013-11-16 00:00:00,3,2013-01-03 00:00:00,2014
Emma Smith,S064,A372,1.22,1.29,-0.07,2013-12-14 00:00:00,4,2011-01-16 00:00:00,2013
Ryan Sullivan,S080,A373,1.38,1.34,0.04,2013-01-14 00:00:00,1,2012-12-01 00:00:00,2013
Ryan Sullivan,S026,A342,1.39,1.48,-0.09,2013-06-03 00:00:00,1,2013-01-24 00:00:00,2016
Amber Patton,S057,A400,1.21,1.3,-0.09,2013-01-30 00:00:00,2,2013-01-03 00:00:00,2013
Ashley Peters,S078,A341,1.37,1.2,0.17,2013-09-09 00:00:00,3,2013-01-30 00:00:00,2013
Selena Morris,S066,A348,1.21,1.56,-0.35,2013-12-02 00:00:00,2,2012-02-12 00:00:00,2012
Gordon Taylor,S080,A379,1.67,3.16,-1.49,2013-05-24 00:00:00,1,2012-12-05 00:00:00,2013
Chelsea Myers,S046,A400,1.34,1.57,-0.23,2013-02-08 00:00:00,2,2013-01-21 00:00:00,2013
Sean Carter,S012,A377,1.52,1.2,0.32,2014-01-26 00:00:00,4,2011-09-17 00:00:00,2016
Jamie Flores,S038,A387,1.21,2.36,-1.15,2012-11-30 00:00:00,2,2011-07-06 00:00:00,2013
Gregory Oneill,S037,A400,1.23,1.28,-0.05,2013-07-09 00:00:00,1,2012-11-28 00:00:00,2016
Bryan Johnson,S001,A344,1.27,1.25,0.02,2013-09-29 00:00:00,3,2012-09-08 00:00:00,2013
Ann Johnson,S001,A377,1.21,1.2,0.01,2013-02-19 00:00:00,3,2012-12-24 00:00:00,2016
Nicole Brown,S013,A320,1.8,2.55,-0.75,2013-01-27 00:00:00,3,2013-01-28 00:00:00,2013
Rachel Gutierrez,S085,A380,1.59,2.02,-0.43,2013-04-01 00:00:00,1,2011-06-21 00:00:00,2013
Emma Smith,S025,A412,1.21,1.52,-0.31,2013-03-08 00:00:00,2,2012-11-13 00:00:00,2013
Ronald Lynch,S005,A350,1.36,1.4,-0.04,2013-02-13 00:00:00,1,2010-11-17 00:00:00,2016
Eric Kim,S084,A340,1.23,1.31,-0.08,2013-03-22 00:00:00,1,2011-03-24 00:00:00,2013
Jesse Jackson,S071,A342,1.21,1.33,-0.12,2012-08-31 00:00:00,1,2012-10-22 00:00:00,2013
Amanda Wiley,S010,A341,1.27,1.31,-0.04,2012-11-25 00:00:00,3,2011-09-19 00:00:00,2016
Kristine Taylor,S036,A346,1.21,1.44,-0.23,2012-08-04 00:00:00,2,2013-03-03 00:00:00,2013
Gordon Taylor,S030,A366,1.7,1.57,0.13,2013-06-02 00:00:00,2,2013-01-04 00:00:00,2013
Amanda Wiley,S074,A372,1.47,1.2,0.27,2014-01-04 00:00:00,2,2013-03-05 00:00:00,2012
Catherine Sanchez,S082,A400,1.25,1.95,-0.7,2013-03-07 00:00:00,3,2015-10-15 00:00:00,2016
Amber Patton,S057,A346,1.27,1.27,0.0,2013-04-15 00:00:00,4,2012-07-25 00:00:00,2013
Ashley Cohen,S080,A372,1.21,1.25,-0.04,2012-12-31 00:00:00,4,2012-10-25 00:00:00,2013
Kristin Alvarez,S048,A354,1.43,1.5,-0.07,2013-01-20 00:00:00,1,2015-09-03 00:00:00,2013
Ashley Howard,S037,A351,1.21,1.2,0.01,2013-03-08 00:00:00,3,2011-09-06 00:00:00,2016
Melanie Robinson,S059,A379,1.21,1.2,0.01,2013-03-29 00:00:00,2,2013-01-26 00:00:00,2013
Laura Bell,S019,A393,1.33,1.31,0.02,2013-06-05 00:00:00,4,2013-01-24 00:00:00,2016
Judy Ramirez,S022,B747,1.21,1.4,-0.19,2013-05-07 00:00:00,3,2011-01-12 00:00:00,2013
Tammy Bernard,S022,A414,1.21,1.33,-0.12,2012-10-07 00:00:00,2,2011-07-26 00:00:00,2013
Ann Johnson,S076,A363,1.21,1.46,-0.25,2012-10-20 00:00:00,2,2013-01-22 00:00:00,2014
Melissa Mcgee,S030,A399,1.82,1.69,0.13,2013-08-28 00:00:00,1,2012-12-19 00:00:00,2013
Chelsea Myers,S071,A400,1.44,1.27,0.17,2013-11-21 00:00:00,3,2011-11-12 00:00:00,2013
Jesse Jackson,S090,A380,1.42,1.24,0.18,2013-07-22 00:00:00,1,2012-11-21 00:00:00,2013
Nicholas Pearson,S034,B747,1.32,1.52,-0.2,2013-01-16 00:00:00,3,2015-07-01 00:00:00,2013
Selena Morris,S049,A400,2.05,1.22,0.83,2013-08-31 00:00:00,4,2012-12-06 00:00:00,2013
Deborah Berg,S026,A348,1.21,1.4,-0.19,2013-03-04 00:00:00,3,2012-12-13 00:00:00,2012
Selena Morris,S019,A330,1.97,1.24,0.73,2013-03-23 00:00:00,1,2012-11-26 00:00:00,2016
Jeremy Garcia,S066,A385,1.38,1.32,0.06,2013-07-25 00:00:00,3,2013-01-01 00:00:00,2013
Ashley Cohen,S085,A365,1.44,2.55,-1.11,2013-11-04 00:00:00,1,2011-03-01 00:00:00,2016
Cristian Waters,S059,A320,1.32,1.68,-0.36,2013-03-05 00:00:00,4,2015-02-12 00:00:00,2013
Joshua Williams,S021,A340,1.73,1.65,0.08,2014-01-09 00:00:00,4,2011-11-12 00:00:00,2016
Jeremy Garcia,S030,A343,1.41,1.62,-0.21,2014-01-25 00:00:00,2,2010-12-27 00:00:00,2016
Mrs. Laura Long,S080,A361,1.36,1.2,0.16,2013-12-22 00:00:00,3,2013-06-25 00:00:00,2013
Ann Johnson,S001,A400,1.21,1.81,-0.6,2012-09-01 00:00:00,1,2010-10-18 00:00:00,2012
Emma Smith,S059,A398,1.21,1.2,0.01,2012-11-15 00:00:00,4,2012-12-03 00:00:00,2013
Kristine Taylor,S066,A101,1.74,1.51,0.23,2012-09-21 00:00:00,4,2011-04-15 00:00:00,2012
Margaret English,S073,A374,1.21,1.55,-0.34,2014-03-08 00:00:00,2,2012-06-16 00:00:00,2016
Charles Chapman,S013,A372,1.21,1.33,-0.12,2013-01-03 00:00:00,4,2012-02-29 00:00:00,2013
Ronald Lynch,S002,A388,1.21,1.37,-0.16,2013-02-23 00:00:00,4,2012-12-02 00:00:00,2013
Jesse Jackson,S024,A354,1.84,1.26,0.58,2014-01-16 00:00:00,3,2012-11-17 00:00:00,2016
Amy Eaton,S077,A368,1.41,1.51,-0.1,2014-01-05 00:00:00,4,2012-12-24 00:00:00,2013
Judy Ramirez,S032,A354,1.68,1.35,0.33,2013-01-27 00:00:00,4,2011-02-25 00:00:00,2013
Stephanie Scott,S058,A394,1.32,1.46,-0.14,2012-01-02 00:00:00,4,2013-11-05 00:00:00,2013
William Vargas,S046,A397,1.82,1.38,0.44,2012-10-15 00:00:00,3,2012-12-24 00:00:00,2013
Pamela Campbell,S049,A354,1.22,1.42,-0.2,2012-10-22 00:00:00,3,2012-11-26 00:00:00,2013
Nicholas Pearson,S049,A373,1.21,1.2,0.01,2012-12-11 00:00:00,4,2013-02-27 00:00:00,2013
Leslie Strong,S084,A350,1.21,1.48,-0.27,2013-08-17 00:00:00,1,2012-11-04 00:00:00,2012
Rebecca Hunter DDS,S029,A358,1.54,1.2,0.34,2013-08-24 00:00:00,3,2012-09-23 00:00:00,2013
James Montgomery,S001,A410,1.88,1.42,0.46,2013-08-06 00:00:00,4,2012-09-21 00:00:00,2012
Chad Greer DDS,S047,A396,1.52,3.16,-1.64,2013-05-22 00:00:00,4,2012-11-25 00:00:00,2013
Gregory Oneill,S013,A378,1.41,1.25,0.16,2013-05-22 00:00:00,1,2012-09-12 00:00:00,2013
Adam Robinson,S068,A392,1.25,1.53,-0.28,2013-02-25 00:00:00,4,2012-12-27 00:00:00,2016
Amy Eaton,S081,A374,1.39,1.2,0.19,2013-05-28 00:00:00,1,2012-03-15 00:00:00,2013
Chad Greer DDS,S028,A330,1.76,1.47,0.29,2013-01-27 00:00:00,1,2016-07-11 00:00:00,2013
Kathryn Rodriguez,S055,A365,1.29,1.24,0.05,2013-04-06 00:00:00,4,2011-03-05 00:00:00,2013
Brandy Hancock,S025,A343,1.21,2.02,-0.81,2012-09-17 00:00:00,3,2012-12-24 00:00:00,2013
Jesse Jackson,S036,A343,1.29,1.56,-0.27,2013-05-25 00:00:00,4,2013-01-13 00:00:00,2013
Anne Chavez,S023,A347,1.78,1.47,0.31,2013-03-16 00:00:00,1,2012-10-07 00:00:00,2012
Adam Robinson,S007,A359,1.61,1.2,0.41,2013-07-24 00:00:00,4,2010-10-22 00:00:00,2013
Jacqueline Wilcox,S022,A101,1.49,1.74,-0.25,2013-01-15 00:00:00,4,2010-03-20 00:00:00,2013
Jacqueline Wilcox,S085,A393,1.28,1.2,0.08,2014-01-19 00:00:00,4,2011-07-14 00:00:00,2016
Kenneth Mann,S077,B747,1.21,1.33,-0.12,2013-04-12 00:00:00,4,2010-10-20 00:00:00,2013
James Montgomery,S057,A354,1.38,1.58,-0.2,2012-06-26 00:00:00,2,2013-02-08 00:00:00,2013
Andre Nicholson,S051,A399,1.27,1.36,-0.09,2013-12-24 00:00:00,4,2011-06-04 00:00:00,2016
Joshua Williams,S093,A397,1.47,2.5,-1.03,2012-05-18 00:00:00,3,2012-10-07 00:00:00,2012
Jennifer Miranda,S078,A369,1.38,1.54,-0.16,2012-07-16 00:00:00,4,2013-02-26 00:00:00,2013
Kathryn Rodriguez,S058,A343,1.41,1.2,0.21,2013-09-17 00:00:00,3,2012-10-06 00:00:00,2013
Robert Faulkner,S040,A400,1.44,1.32,0.12,2013-03-09 00:00:00,4,2012-12-09 00:00:00,2013
Brittney Davis,S061,A356,1.21,1.2,0.01,2013-10-10 00:00:00,3,2013-01-06 00:00:00,2013
Brandy Hancock,S015,A387,1.53,1.58,-0.05,2013-10-09 00:00:00,2,2011-11-21 00:00:00,2013
Kenneth Mann,S016,A400,1.93,3.03,-1.1,2013-02-02 00:00:00,3,2011-12-29 00:00:00,2013
Cheryl Guerrero,S079,A348,1.21,3.16,-1.95,2013-01-04 00:00:00,2,2013-09-21 00:00:00,2013
Cristian Waters,S092,A405,1.5,1.2,0.3,2012-10-15 00:00:00,3,2011-06-27 00:00:00,2013
Jeremy Garcia,S035,A363,1.21,1.77,-0.56,2013-01-01 00:00:00,3,2012-12-17 00:00:00,2013
Cheryl Guerrero,S065,A370,1.42,1.2,0.22,2013-03-01 00:00:00,4,2013-01-26 00:00:00,2013
Deborah Berg,S008,A364,1.78,1.37,0.41,2013-06-26 00:00:00,3,2013-12-20 00:00:00,2016
Pamela Campbell,S057,A362,1.35,1.54,-0.19,2013-04-10 00:00:00,2,2013-03-02 00:00:00,2013
Gregory Oneill,S019,A409,1.22,1.33,-0.11,2013-07-18 00:00:00,1,2013-01-16 00:00:00,2013
Gabrielle White,S025,A408,1.86,1.66,0.2,2013-01-10 00:00:00,1,2013-01-16 00:00:00,2013
Jennifer Miranda,S059,A380,1.46,1.26,0.2,2013-08-09 00:00:00,2,2012-12-17 00:00:00,2013
Brandy Hancock,S059,A391,1.21,1.33,-0.12,2012-12-03 00:00:00,4,2013-04-16 00:00:00,2013
William Reed,S078,A352,1.21,1.26,-0.05,2013-06-01 00:00:00,1,2011-04-18 00:00:00,2013
Megan Greene,S010,A344,1.21,2.94,-1.73,2013-10-10 00:00:00,3,2013-01-25 00:00:00,2013
Tammy Bernard,S075,A350,1.28,1.68,-0.4,2013-03-27 00:00:00,3,2011-08-01 00:00:00,2013
Kristin Alvarez,S080,B747,1.21,1.47,-0.26,2013-04-19 00:00:00,4,2013-03-04 00:00:00,2013
Rebecca Hunter DDS,S074,A388,1.46,1.2,0.26,2012-07-21 00:00:00,4,2011-10-16 00:00:00,2015
Catherine Sanchez,S059,A367,1.35,1.5,-0.15,2013-01-20 00:00:00,4,2012-10-03 00:00:00,2012
Selena Morris,S085,A390,1.21,1.27,-0.06,2013-05-09 00:00:00,4,2013-01-16 00:00:00,2016
Melissa Mcgee,S063,A403,1.25,1.49,-0.24,2012-09-12 00:00:00,1,2013-01-21 00:00:00,2016
Jennifer Fisher,S016,A368,1.51,1.29,0.22,2013-12-19 00:00:00,2,2012-11-06 00:00:00,2013
Cristian Waters,S093,A408,1.49,1.28,0.21,2013-09-30 00:00:00,1,2011-11-02 00:00:00,2011
Jose Cooper,S078,A395,1.34,1.37,-0.03,2013-01-08 00:00:00,1,2013-02-09 00:00:00,2013
Cheryl Guerrero,S009,A410,1.74,1.29,0.45,2012-12-24 00:00:00,3,2013-11-30 00:00:00,2013
Adam Robinson,S007,A101,1.7,1.2,0.5,2013-08-30 00:00:00,2,2011-12-19 00:00:00,2013
Charles Chapman,S001,A350,1.21,1.2,0.01,2013-06-24 00:00:00,4,2012-11-29 00:00:00,2013
Ashley Howard,S040,A400,1.24,1.2,0.04,2013-01-30 00:00:00,3,2013-02-25 00:00:00,2013
Brian Herrera,S077,A365,1.21,1.49,-0.28,2012-10-22 00:00:00,3,2013-02-16 00:00:00,2013
Stephanie Chavez,S078,A345,1.6,1.41,0.19,2013-08-04 00:00:00,4,2013-01-21 00:00:00,2013
Anne Chavez,S026,A372,1.21,1.2,0.01,2012-01-27 00:00:00,2,2013-01-05 00:00:00,2012
Gabrielle White,S058,A365,1.25,1.28,-0.03,2013-01-01 00:00:00,1,2013-01-28 00:00:00,2013
Sarah Wright,S075,A376,1.66,1.2,0.46,2013-07-26 00:00:00,1,2011-03-20 00:00:00,2013
Gina Evans,S047,A407,1.37,1.3,0.07,2012-11-01 00:00:00,2,2012-10-15 00:00:00,2013
Kathryn Rodriguez,S013,A400,1.27,1.45,-0.18,2012-05-15 00:00:00,3,2012-07-18 00:00:00,2012
Thomas Smith,S030,A378,1.21,1.46,-0.25,2013-04-29 00:00:00,4,2012-01-24 00:00:00,2013
Joshua Williams,S029,A406,1.45,1.72,-0.27,2013-01-05 00:00:00,2,2013-03-13 00:00:00,2013
Jeremy Garcia,S075,A380,1.21,1.31,-0.1,2013-06-23 00:00:00,4,2012-11-30 00:00:00,2013
Ashley Howard,S003,A372,1.3,1.64,-0.34,2012-12-27 00:00:00,1,2010-04-05 00:00:00,2013
Cheryl Guerrero,S084,A400,1.41,2.28,-0.87,2013-05-03 00:00:00,4,2011-02-17 00:00:00,2012
Robert Vazquez,S018,A400,1.33,1.2,0.13,2013-04-08 00:00:00,2,2012-10-12 00:00:00,2013
Gabrielle White,S051,A380,1.28,1.29,-0.01,2013-06-11 00:00:00,3,2013-01-01 00:00:00,2013
Robert Faulkner,S075,A320,1.53,3.16,-1.63,2013-08-30 00:00:00,2,2012-12-22 00:00:00,2014
Stephanie Scott,S080,A369,1.39,1.55,-0.16,2013-06-25 00:00:00,4,2012-12-21 00:00:00,2013
Latasha Allen,S076,A402,1.61,1.31,0.3,2014-02-24 00:00:00,2,2011-07-28 00:00:00,2015
Nicole Brown,S050,A372,1.59,1.32,0.27,2012-09-09 00:00:00,2,2012-09-24 00:00:00,2013
Latasha Allen,S081,A389,1.21,1.41,-0.2,2013-03-31 00:00:00,4,2012-12-11 00:00:00,2013
Susan Jenkins,S079,A349,1.21,1.2,0.01,2013-04-21 00:00:00,1,2013-01-07 00:00:00,2013
Chloe Miller,S010,B747,1.21,1.61,-0.4,2013-09-23 00:00:00,4,2012-08-09 00:00:00,2012
Mrs. Laura Long,S080,A343,1.26,1.5,-0.24,2012-09-04 00:00:00,4,2013-04-16 00:00:00,2013
Brittney Davis,S009,A368,1.37,1.44,-0.07,2013-05-26 00:00:00,4,2012-12-04 00:00:00,2013
Jennifer Fisher,S093,A377,1.21,1.21,0.0,2012-12-20 00:00:00,1,2012-06-09 00:00:00,2013
Gwendolyn Solis,S018,A394,1.96,1.2,0.76,2013-11-22 00:00:00,3,2016-03-18 00:00:00,2016
Tina Watson,S002,A373,1.29,1.61,-0.32,2012-10-25 00:00:00,3,2013-02-16 00:00:00,2016
Diana Liu,S063,A393,1.21,1.24,-0.03,2013-10-12 00:00:00,2,2012-11-05 00:00:00,2013
Bryan Johnson,S005,A370,1.21,1.2,0.01,2013-05-01 00:00:00,4,2012-12-18 00:00:00,2013
Latasha Allen,S071,A383,1.24,1.2,0.04,2013-06-16 00:00:00,4,2013-01-12 00:00:00,2012
Brandy Hancock,S086,A375,2.07,1.2,0.87,2013-03-16 00:00:00,1,2012-12-18 00:00:00,2013
Ryan Sullivan,S012,A366,1.21,1.59,-0.38,2013-02-23 00:00:00,1,2012-11-14 00:00:00,2013
Melanie Robinson,S032,A345,1.57,1.57,0.0,2012-12-15 00:00:00,2,2012-12-04 00:00:00,2016
James Montgomery,S063,A340,1.75,1.39,0.36,2013-04-17 00:00:00,1,2012-10-06 00:00:00,2013
Gordon Taylor,S006,A369,1.21,1.62,-0.41,2013-02-06 00:00:00,2,2013-01-26 00:00:00,2013
Bryan Johnson,S042,A402,2.2,1.68,0.52,2013-06-02 00:00:00,4,2012-11-15 00:00:00,2013
Rachel Gutierrez,S038,A342,1.21,1.41,-0.2,2013-04-24 00:00:00,3,2013-01-24 00:00:00,2016
Susan Patton,S066,A367,1.29,3.16,-1.87,2014-02-06 00:00:00,1,2012-10-10 00:00:00,2016
Tiffany Morrison,S038,A397,1.33,1.2,0.13,2013-11-16 00:00:00,1,2012-09-25 00:00:00,2016
Judy Ramirez,S070,A360,1.62,1.79,-0.17,2013-01-26 00:00:00,4,2013-03-02 00:00:00,2013
Brian Herrera,S008,A409,1.21,1.28,-0.07,2013-07-18 00:00:00,2,2012-10-07 00:00:00,2015
Ashley Howard,S056,A354,1.95,1.55,0.4,2013-07-13 00:00:00,4,2012-12-14 00:00:00,2013
Stephanie Chavez,S036,A383,1.21,1.81,-0.6,2013-06-07 00:00:00,3,2011-09-13 00:00:00,2016
Ashley Peters,S074,A347,1.21,1.89,-0.68,2013-03-07 00:00:00,2,2012-11-25 00:00:00,2013
Melanie Robinson,S061,A377,1.21,1.6,-0.39,2013-03-24 00:00:00,4,2013-01-04 00:00:00,2013
Michael Taylor,S012,A396,1.35,1.22,0.13,2013-02-15 00:00:00,2,2012-12-06 00:00:00,2012
Jesse Jackson,S044,A375,1.21,1.24,-0.03,2013-05-30 00:00:00,2,2012-09-15 00:00:00,2013
Ronald Lynch,S066,B747,1.78,1.2,0.58,2013-08-16 00:00:00,4,2010-11-27 00:00:00,2013
Brian Herrera,S046,A363,1.31,1.2,0.11,2012-09-29 00:00:00,3,2013-01-26 00:00:00,2013
Brittney Davis,S002,A368,1.21,1.34,-0.13,2013-02-05 00:00:00,2,2013-01-05 00:00:00,2012
Eric Moore,S003,A409,2.11,1.5,0.61,2013-06-12 00:00:00,1,2013-12-16 00:00:00,2014
Jay Wells,S010,A400,1.3,1.27,0.03,2013-02-24 00:00:00,3,2012-06-04 00:00:00,2013
Jesse Jackson,S061,A363,1.48,1.27,0.21,2012-09-06 00:00:00,2,2012-12-28 00:00:00,2013
Tristan Sandoval,S061,B747,1.41,1.31,0.1,2013-10-25 00:00:00,1,2010-10-30 00:00:00,2013
Tammy Bernard,S047,A367,1.8,2.14,-0.34,2013-02-04 00:00:00,1,2012-11-22 00:00:00,2014
Ashley Howard,S021,A405,1.64,1.38,0.26,2013-05-18 00:00:00,4,2011-11-10 00:00:00,2013
Tina Watson,S077,A406,1.48,1.29,0.19,2013-06-09 00:00:00,4,2013-01-04 00:00:00,2013
Kathryn Rodriguez,S032,A347,1.42,1.6,-0.18,2013-03-01 00:00:00,1,2012-11-30 00:00:00,2012
Michael Taylor,S036,A388,1.52,1.42,0.1,2013-11-11 00:00:00,3,2011-04-04 00:00:00,2013
Cheryl Guerrero,S087,A404,1.21,1.41,-0.2,2013-03-08 00:00:00,2,2011-10-17 00:00:00,2013
Michael Taylor,S071,A364,1.54,1.43,0.11,2013-10-09 00:00:00,2,2012-12-19 00:00:00,2014
Stephanie Chavez,S030,A364,1.62,1.2,0.42,2013-03-31 00:00:00,4,2012-12-15 00:00:00,2016
Rebecca Hunter DDS,S080,A408,1.24,1.59,-0.35,2013-04-25 00:00:00,3,2013-02-08 00:00:00,2013
Ashley Peters,S042,A369,1.26,2.94,-1.68,2013-04-23 00:00:00,4,2011-12-07 00:00:00,2013
Thomas Smith,S076,A388,1.57,1.34,0.23,2011-04-16 00:00:00,2,2013-02-17 00:00:00,2016
Jacqueline Wilcox,S085,A400,1.38,1.2,0.18,2013-06-23 00:00:00,3,2012-12-08 00:00:00,2013
Latasha Allen,S066,A101,1.21,1.49,-0.28,2013-04-19 00:00:00,4,2012-12-11 00:00:00,2013
Derrick Schneider,S059,A368,1.4,1.23,0.17,2013-08-15 00:00:00,1,2012-12-10 00:00:00,2016
Tina Watson,S046,A391,1.25,1.2,0.05,2012-09-30 00:00:00,1,2012-09-25 00:00:00,2013
Nicholas Pearson,S074,A400,1.27,1.78,-0.51,2013-10-28 00:00:00,1,2013-01-11 00:00:00,2013
James Montgomery,S006,A351,1.9,1.36,0.54,2013-05-13 00:00:00,2,2012-12-12 00:00:00,2013
Kathryn Rodriguez,S061,A320,1.38,1.49,-0.11,2013-01-25 00:00:00,1,2011-07-31 00:00:00,2016
Barbara Peters,S022,A398,1.95,1.44,0.51,2013-07-28 00:00:00,1,2012-09-28 00:00:00,2013
Tammy Bernard,S019,A357,1.45,1.31,0.14,2013-09-16 00:00:00,2,2011-07-22 00:00:00,2012
Tiffany Morrison,S045,A368,1.53,1.29,0.24,2013-05-25 00:00:00,3,2012-10-28 00:00:00,2012
William Vargas,S035,A101,1.33,1.46,-0.13,2012-09-10 00:00:00,2,2016-11-22 00:00:00,2013
Ronald Lynch,S046,A352,1.35,1.2,0.15,2013-05-03 00:00:00,4,2012-12-17 00:00:00,2013
Sarah Wright,S049,A343,1.21,1.2,0.01,2013-07-06 00:00:00,2,2012-12-20 00:00:00,2013
Chelsea Myers,S011,A362,1.21,2.04,-0.83,2012-10-06 00:00:00,3,2012-09-17 00:00:00,2013
Adam Robinson,S074,A399,1.21,1.2,0.01,2012-08-30 00:00:00,3,2012-10-29 00:00:00,2013
Tiffany Morrison,S006,A362,1.21,1.45,-0.24,2014-01-29 00:00:00,4,2012-11-04 00:00:00,2013
Tiffany Morrison,S067,A407,1.8,1.4,0.4,2013-08-10 00:00:00,3,2012-11-17 00:00:00,2013
Stephanie Chavez,S043,A397,1.46,1.46,0.0,2013-05-23 00:00:00,4,2012-11-19 00:00:00,2016
Ashley Peters,S012,A412,1.49,3.16,-1.67,2013-09-24 00:00:00,4,2010-10-15 00:00:00,2011
Brittney Davis,S050,A385,1.32,1.2,0.12,2012-09-22 00:00:00,4,2011-04-29 00:00:00,2016
Stephanie Chavez,S013,A352,1.96,1.28,0.68,2013-08-16 00:00:00,4,2012-10-16 00:00:00,2016
Susan Patton,S088,A365,1.21,1.38,-0.17,2013-03-17 00:00:00,4,2013-01-23 00:00:00,2011
Brittney Davis,S043,A397,1.21,1.24,-0.03,2013-01-18 00:00:00,4,2012-09-21 00:00:00,2016
Kathryn Rodriguez,S057,A381,1.33,1.54,-0.21,2013-07-08 00:00:00,3,2012-11-22 00:00:00,2016
Emma Smith,S022,A368,1.65,2.02,-0.37,2013-08-26 00:00:00,1,2012-12-16 00:00:00,2013
Amanda Wiley,S070,A401,1.24,1.35,-0.11,2012-10-19 00:00:00,4,2013-02-02 00:00:00,2016
Emma Smith,S073,A408,1.21,1.2,0.01,2013-02-23 00:00:00,3,2012-11-17 00:00:00,2016
Kathryn Rodriguez,S037,A397,1.34,1.36,-0.02,2012-12-17 00:00:00,4,2012-11-03 00:00:00,2015
Amy Eaton,S093,A340,1.22,3.12,-1.9,2012-10-01 00:00:00,3,2013-01-27 00:00:00,2013
James Montgomery,S086,A350,1.94,1.26,0.68,2012-05-02 00:00:00,3,2012-11-10 00:00:00,2013
Nicholas Pearson,S064,A366,1.21,1.2,0.01,2013-06-24 00:00:00,3,2011-02-07 00:00:00,2016
Diana Liu,S082,A385,2.52,1.2,1.32,2012-12-29 00:00:00,4,2012-11-13 00:00:00,2012
Leslie Strong,S090,A390,1.21,1.2,0.01,2013-08-09 00:00:00,1,2012-11-04 00:00:00,2012
Brian Weber,S029,A388,1.43,1.27,0.16,2012-12-17 00:00:00,3,2012-03-12 00:00:00,2016
Jennifer Miranda,S014,A408,1.42,1.33,0.09,2013-08-09 00:00:00,1,2013-01-06 00:00:00,2013
William Jimenez,S086,A400,1.7,1.4,0.3,2013-08-15 00:00:00,3,2012-12-14 00:00:00,2013
Bryan Johnson,S044,A406,1.21,1.58,-0.37,2013-08-01 00:00:00,4,2015-12-26 00:00:00,2013
Chloe Miller,S041,A401,1.48,1.87,-0.39,2013-09-20 00:00:00,3,2012-10-17 00:00:00,2014
William Vargas,S029,A408,1.85,1.54,0.31,2013-06-23 00:00:00,3,2018-10-14 00:00:00,2013
Deborah Berg,S044,A400,1.31,1.87,-0.56,2012-11-09 00:00:00,3,2012-10-27 00:00:00,2013
Susan Patton,S049,A381,1.21,1.65,-0.44,2013-07-14 00:00:00,4,2012-11-22 00:00:00,2016
Kristine Taylor,S057,A369,1.52,1.25,0.27,2013-04-04 00:00:00,4,2012-12-06 00:00:00,2013
Mrs. Laura Long,S064,B747,1.31,1.28,0.03,2013-03-08 00:00:00,4,2013-02-23 00:00:00,2013
Joshua Williams,S078,A386,1.21,1.2,0.01,2013-06-19 00:00:00,3,2011-09-20 00:00:00,2013
Jennifer Miranda,S001,A378,1.34,1.2,0.14,2013-08-12 00:00:00,4,2012-08-12 00:00:00,2013
Brittney Davis,S082,A381,1.21,1.99,-0.78,2013-07-18 00:00:00,3,2012-11-12 00:00:00,2013
Selena Morris,S047,A414,1.21,1.67,-0.46,2013-03-10 00:00:00,1,2012-02-07 00:00:00,2016
Jose Cooper,S006,A352,1.66,1.62,0.04,2014-01-21 00:00:00,3,2012-01-31 00:00:00,2013
Bryan Johnson,S073,A347,1.31,1.2,0.11,2013-03-14 00:00:00,4,2012-10-31 00:00:00,2013
Thomas Smith,S063,A383,1.65,1.42,0.23,2013-02-08 00:00:00,4,2011-07-25 00:00:00,2013
Kristin Alvarez,S067,A400,1.21,1.44,-0.23,2013-06-29 00:00:00,4,2012-11-28 00:00:00,2011
Thomas Smith,S019,A372,1.21,1.52,-0.31,2013-12-29 00:00:00,4,2012-10-18 00:00:00,2013
Catherine Sanchez,S044,A400,1.6,1.48,0.12,2013-11-05 00:00:00,4,2012-01-15 00:00:00,2012
Tiffany Morrison,S066,A342,1.25,2.02,-0.77,2013-12-31 00:00:00,3,2011-11-18 00:00:00,2013
Judy Ramirez,S090,A343,1.21,1.24,-0.03,2012-10-11 00:00:00,3,2013-01-18 00:00:00,2016
William Jimenez,S073,A400,1.21,1.2,0.01,2013-10-29 00:00:00,4,2013-01-05 00:00:00,2013
Chad Greer DDS,S027,A362,1.21,1.85,-0.64,2014-02-01 00:00:00,4,2011-08-15 00:00:00,2013
Susan Patton,S057,A376,1.21,1.46,-0.25,2012-08-23 00:00:00,2,2012-12-18 00:00:00,2013
Amy Eaton,S085,A372,1.42,2.06,-0.64,2013-10-01 00:00:00,3,2013-02-24 00:00:00,2013
Ashley Peters,S045,A340,1.21,1.46,-0.25,2013-04-07 00:00:00,2,2012-11-01 00:00:00,2015
Brian Weber,S059,A363,1.43,1.29,0.14,2014-01-26 00:00:00,2,2013-08-18 00:00:00,2012
Kenneth Mann,S036,A342,1.21,1.63,-0.42,2013-10-27 00:00:00,1,2013-08-01 00:00:00,2013
Tina Watson,S012,A392,1.43,1.2,0.23,2013-12-11 00:00:00,3,2013-01-14 00:00:00,2013
Stephanie Scott,S054,A320,1.76,1.34,0.42,2013-08-05 00:00:00,4,2011-02-13 00:00:00,2013
Ronald Lynch,S050,A377,1.21,1.2,0.01,2013-01-08 00:00:00,3,2012-10-16 00:00:00,2013
Kathryn Rodriguez,S057,A367,2.12,1.46,0.66,2013-08-13 00:00:00,2,2012-09-30 00:00:00,2016
Ann Johnson,S075,A386,1.39,1.38,0.01,2013-11-28 00:00:00,1,2011-06-03 00:00:00,2012
Leslie Strong,S047,A395,1.21,1.2,0.01,2014-01-17 00:00:00,4,2015-02-20 00:00:00,2013
Ashley Peters,S069,A387,1.21,1.2,0.01,2013-03-19 00:00:00,4,2012-09-02 00:00:00,2013
Ann Johnson,S030,A320,1.21,1.51,-0.3,2012-09-08 00:00:00,4,2010-12-18 00:00:00,2013
Ann Johnson,S008,A402,1.21,1.37,-0.16,2013-02-01 00:00:00,3,2012-01-31 00:00:00,2013
Jose Cooper,S002,A360,1.93,1.28,0.65,2013-01-11 00:00:00,4,2012-11-18 00:00:00,2012
Gabrielle White,S088,A342,1.21,1.24,-0.03,2013-01-16 00:00:00,1,2011-07-25 00:00:00,2013
Tiffany Morrison,S049,A320,1.21,1.23,-0.02,2013-01-15 00:00:00,3,2013-02-27 00:00:00,2013
Rachel Gutierrez,S087,A348,1.23,1.36,-0.13,2013-02-23 00:00:00,4,2011-12-08 00:00:00,2013
Kristine Taylor,S057,A368,1.62,1.2,0.42,2013-04-17 00:00:00,1,2012-12-07 00:00:00,2016
Ashley Howard,S007,A381,1.4,1.2,0.2,2013-08-11 00:00:00,2,2012-12-05 00:00:00,2016
William Reed,S090,A341,1.4,1.28,0.12,2012-12-09 00:00:00,4,2012-09-06 00:00:00,2013
Tammy Bernard,S013,A358,1.27,1.33,-0.06,2013-11-06 00:00:00,1,2013-01-19 00:00:00,2013
Robert Faulkner,S025,A405,1.6,1.45,0.15,2012-12-29 00:00:00,4,2013-01-01 00:00:00,2012
Joshua Williams,S021,A400,1.21,2.61,-1.4,2013-09-28 00:00:00,3,2012-10-25 00:00:00,2013
Catherine Sanchez,S087,A320,1.21,1.27,-0.06,2012-09-11 00:00:00,4,2012-12-19 00:00:00,2013
Kristin Alvarez,S069,A365,1.44,2.5,-1.06,2013-12-10 00:00:00,1,2012-11-10 00:00:00,2013
Tammy Bernard,S086,A387,1.21,1.2,0.01,2013-05-16 00:00:00,4,2013-03-05 00:00:00,2013
James Montgomery,S035,A374,1.8,1.2,0.6,2013-06-29 00:00:00,4,2013-10-25 00:00:00,2013
Chad Greer DDS,S081,A368,1.34,1.6,-0.26,2014-04-15 00:00:00,1,2012-09-26 00:00:00,2013
Gwendolyn Solis,S005,A367,1.3,1.2,0.1,2013-08-25 00:00:00,1,2013-02-21 00:00:00,2016
Brian Herrera,S001,A403,1.33,1.98,-0.65,2012-10-15 00:00:00,1,2011-09-28 00:00:00,2013
Mrs. Laura Long,S035,A398,1.31,1.2,0.11,2013-04-06 00:00:00,4,2013-01-08 00:00:00,2013
Megan Greene,S075,A407,1.29,1.59,-0.3,2013-02-12 00:00:00,4,2012-10-02 00:00:00,2016
Eric Kim,S036,A372,1.51,1.2,0.31,2012-11-06 00:00:00,1,2011-12-05 00:00:00,2013
Brandy Hancock,S080,A320,1.41,1.63,-0.22,2013-07-23 00:00:00,2,2011-09-28 00:00:00,2013
Eric Kim,S064,A351,1.25,1.48,-0.23,2013-01-25 00:00:00,4,2012-10-08 00:00:00,2013
Gina Evans,S041,A399,1.38,1.82,-0.44,2013-05-05 00:00:00,2,2012-10-19 00:00:00,2013
Jeremy Garcia,S071,A402,1.44,2.03,-0.59,2013-02-01 00:00:00,1,2012-11-22 00:00:00,2016
Stephanie Scott,S073,A348,1.41,1.45,-0.04,2012-10-29 00:00:00,4,2012-03-13 00:00:00,2013
Cheryl Guerrero,S044,A379,1.29,1.22,0.07,2013-09-01 00:00:00,1,2011-06-30 00:00:00,2016
Jose Cooper,S005,A350,1.21,1.31,-0.1,2013-01-11 00:00:00,3,2015-07-02 00:00:00,2013
Megan Greene,S040,A409,1.59,1.2,0.39,2012-12-11 00:00:00,4,2012-11-05 00:00:00,2013
Chloe Miller,S048,A320,1.45,1.2,0.25,2014-02-10 00:00:00,4,2012-11-01 00:00:00,2013
Judy Ramirez,S064,B747,1.39,1.47,-0.08,2012-10-28 00:00:00,2,2011-12-27 00:00:00,2013
Brian Weber,S065,A369,1.44,1.54,-0.1,2013-08-04 00:00:00,4,2012-12-02 00:00:00,2013
Pamela Campbell,S046,A401,1.37,1.41,-0.04,2012-10-09 00:00:00,4,2012-12-27 00:00:00,2013
Ryan Sullivan,S014,A372,1.59,1.21,0.38,2013-07-08 00:00:00,1,2010-09-28 00:00:00,2013
Emma Smith,S015,A351,1.62,1.35,0.27,2013-04-18 00:00:00,3,2012-11-27 00:00:00,2013
Jennifer Miranda,S002,A352,1.21,1.82,-0.61,2013-05-12 00:00:00,2,2012-07-09 00:00:00,2013
Tina Watson,S061,A357,1.4,1.39,0.01,2014-01-21 00:00:00,1,2013-01-13 00:00:00,2013
Tina Watson,S015,A372,1.58,1.2,0.38,2013-05-09 00:00:00,2,2012-10-17 00:00:00,2013
Jeremy Garcia,S011,A385,1.62,2.02,-0.4,2013-12-05 00:00:00,2,2016-11-14 00:00:00,2016
Gabrielle White,S084,A390,1.21,1.49,-0.28,2012-10-28 00:00:00,4,2012-11-05 00:00:00,2013
Bryan Johnson,S048,A366,1.55,2.16,-0.61,2012-12-17 00:00:00,1,2016-09-03 00:00:00,2013
Andre Nicholson,S045,A379,1.43,1.2,0.23,2013-03-21 00:00:00,3,2012-10-21 00:00:00,2013
Brittney Davis,S044,A345,1.72,1.22,0.5,2013-02-28 00:00:00,3,2013-02-03 00:00:00,2013
Chelsea Myers,S046,A373,1.31,1.2,0.11,2013-07-02 00:00:00,1,2013-01-07 00:00:00,2016
Tiffany Morrison,S092,A410,1.46,1.2,0.26,2012-11-17 00:00:00,2,2012-12-15 00:00:00,2016
Nicholas Pearson,S057,A392,1.81,1.2,0.61,2013-03-08 00:00:00,4,2014-04-08 00:00:00,2013
Amanda Wiley,S009,A392,1.7,1.2,0.5,2012-11-02 00:00:00,2,2013-02-19 00:00:00,2013
William Jimenez,S014,A395,1.24,1.23,0.01,2012-12-21 00:00:00,3,2013-03-02 00:00:00,2013
Brian Weber,S001,A406,1.85,1.37,0.48,2013-04-12 00:00:00,1,2012-12-24 00:00:00,2013
Bryan Johnson,S023,A397,1.45,1.33,0.12,2013-12-17 00:00:00,1,2012-12-25 00:00:00,2013
Ronald Lynch,S069,A350,1.21,1.31,-0.1,2013-03-25 00:00:00,1,2012-09-08 00:00:00,2013
Ashley Howard,S068,A372,1.21,1.26,-0.05,2013-08-29 00:00:00,2,2011-09-14 00:00:00,2013
Gwendolyn Solis,S035,A367,1.34,2.17,-0.83,2013-03-12 00:00:00,1,2013-03-05 00:00:00,2016
Megan Greene,S044,A357,1.36,1.2,0.16,2013-02-26 00:00:00,4,2012-10-07 00:00:00,2016
Derrick Schneider,S023,A362,1.3,1.25,0.05,2013-01-07 00:00:00,1,2012-11-30 00:00:00,2013
Amanda Wiley,S016,A101,1.26,1.5,-0.24,2012-01-12 00:00:00,4,2013-01-09 00:00:00,2013
Jeremy Garcia,S001,A358,1.24,1.2,0.04,2013-08-12 00:00:00,3,2012-12-07 00:00:00,2013
Nicholas Pearson,S028,A415,1.82,1.34,0.48,2013-04-16 00:00:00,1,2012-11-01 00:00:00,2016
Andre Nicholson,S084,A357,1.21,1.7,-0.49,2013-10-02 00:00:00,4,2013-09-06 00:00:00,2013
Cheryl Guerrero,S038,A397,1.21,1.29,-0.08,2013-03-31 00:00:00,1,2013-01-08 00:00:00,2011
Barbara Peters,S042,A414,1.21,1.45,-0.24,2011-12-21 00:00:00,1,2012-11-15 00:00:00,2013
Nicholas Pearson,S038,A404,1.71,1.34,0.37,2013-02-09 00:00:00,3,2012-11-01 00:00:00,2013
Tony Allen,S057,A348,1.21,1.3,-0.09,2013-04-21 00:00:00,2,2013-03-15 00:00:00,2013
Ryan Sullivan,S021,A350,1.21,1.2,0.01,2013-11-03 00:00:00,2,2012-10-09 00:00:00,2013
Amy Eaton,S090,A371,1.57,1.53,0.04,2012-06-19 00:00:00,3,2011-04-14 00:00:00,2013
Margaret English,S008,A354,1.42,1.23,0.19,2013-09-05 00:00:00,3,2012-10-24 00:00:00,2013
Tammy Bernard,S084,A407,1.29,1.44,-0.15,2013-02-12 00:00:00,4,2012-01-20 00:00:00,2013
Margaret English,S079,A407,1.39,1.7,-0.31,2013-06-15 00:00:00,1,2013-02-19 00:00:00,2012
William Vargas,S042,A368,1.37,1.39,-0.02,2013-02-05 00:00:00,1,2012-10-09 00:00:00,2013
Kristin Alvarez,S047,A363,1.24,1.72,-0.48,2013-10-16 00:00:00,3,2011-07-19 00:00:00,2013
William Reed,S057,A399,1.21,1.22,-0.01,2013-09-30 00:00:00,1,2012-10-29 00:00:00,2013
Ann Johnson,S043,A404,1.21,1.23,-0.02,2013-01-23 00:00:00,4,2013-01-15 00:00:00,2013
Kristin Alvarez,S066,A366,1.22,1.68,-0.46,2013-03-11 00:00:00,1,2012-12-02 00:00:00,2013
William Reed,S007,A398,1.21,1.42,-0.21,2013-05-03 00:00:00,4,2012-11-15 00:00:00,2012
Robert Faulkner,S026,A370,1.63,1.37,0.26,2011-09-27 00:00:00,2,2012-11-14 00:00:00,2013
Michael Taylor,S003,A365,1.5,1.39,0.11,2011-09-18 00:00:00,4,2012-09-29 00:00:00,2012
Stephanie Scott,S052,A367,1.3,1.9,-0.6,2014-01-05 00:00:00,4,2012-10-10 00:00:00,2013
Charles Chapman,S052,A340,1.33,1.2,0.13,2013-09-19 00:00:00,2,2010-10-08 00:00:00,2013
Megan Greene,S026,A405,1.49,1.2,0.29,2012-12-05 00:00:00,4,2013-01-24 00:00:00,2012
Bryan Johnson,S001,A378,1.6,1.61,-0.01,2013-05-18 00:00:00,4,2012-11-30 00:00:00,2016
Brandy Hancock,S040,A361,1.85,1.2,0.65,2014-01-24 00:00:00,2,2012-10-07 00:00:00,2013
Ms. Heidi Carrillo,S006,A351,1.29,1.36,-0.07,2013-01-03 00:00:00,4,2013-03-14 00:00:00,2013
Jamie Flores,S007,A367,1.34,1.51,-0.17,2011-05-15 00:00:00,4,2012-08-23 00:00:00,2015
Stephanie Scott,S028,A400,1.21,3.11,-1.9,2012-12-27 00:00:00,2,2012-12-08 00:00:00,2013
Tina Watson,S016,A348,1.77,1.73,0.04,2013-10-25 00:00:00,3,2012-10-24 00:00:00,2013
Eric Kim,S008,A379,1.5,1.2,0.3,2013-09-16 00:00:00,1,2012-10-03 00:00:00,2013
Tammy Bernard,S081,A377,1.21,1.44,-0.23,2014-03-03 00:00:00,1,2013-01-14 00:00:00,2012
Tina Watson,S030,A409,1.21,2.01,-0.8,2013-01-31 00:00:00,3,2013-01-02 00:00:00,2013
Kristine Taylor,S065,B747,1.22,1.56,-0.34,2012-12-30 00:00:00,2,2012-01-31 00:00:00,2013
Robert Faulkner,S022,A363,1.76,1.59,0.17,2013-07-05 00:00:00,4,2013-03-22 00:00:00,2015
Kristin Alvarez,S044,A406,1.88,1.37,0.51,2013-01-27 00:00:00,3,2012-09-07 00:00:00,2013
Diana Liu,S001,A403,1.21,2.27,-1.06,2013-08-22 00:00:00,4,2013-03-17 00:00:00,2013
Bryan Johnson,S093,A330,1.57,1.51,0.06,2012-12-24 00:00:00,2,2010-12-20 00:00:00,2016
Joshua Williams,S075,A391,1.41,1.28,0.13,2012-11-05 00:00:00,3,2013-05-03 00:00:00,2013
William Reed,S079,A387,1.21,1.2,0.01,2012-12-12 00:00:00,3,2012-12-15 00:00:00,2012
Gabrielle White,S082,A391,1.21,1.33,-0.12,2013-09-15 00:00:00,1,2011-01-07 00:00:00,2013
Cheryl Guerrero,S074,A409,1.61,1.25,0.36,2012-12-17 00:00:00,2,2012-11-06 00:00:00,2013
Ashley Peters,S075,A368,1.25,1.36,-0.11,2013-05-17 00:00:00,1,2012-10-05 00:00:00,2013
Kristin Alvarez,S050,A380,1.41,1.2,0.21,2013-05-04 00:00:00,4,2011-03-13 00:00:00,2013
Ms. Heidi Carrillo,S021,A399,1.88,1.26,0.62,2013-04-26 00:00:00,1,2012-11-05 00:00:00,2013
Eric Moore,S028,A366,1.24,1.2,0.04,2012-03-13 00:00:00,4,2015-08-22 00:00:00,2013
Jose Cooper,S077,A365,1.48,1.23,0.25,2013-08-11 00:00:00,4,2012-11-01 00:00:00,2016
Ryan Sullivan,S069,A344,1.42,1.56,-0.14,2013-03-22 00:00:00,1,2012-04-04 00:00:00,2016
Chad Greer DDS,S093,A368,1.21,1.47,-0.26,2013-06-27 00:00:00,1,2011-09-12 00:00:00,2013
Amanda Wiley,S032,A356,1.28,1.54,-0.26,2013-08-16 00:00:00,2,2010-09-11 00:00:00,2013
Brittney Davis,S053,A320,1.5,1.41,0.09,2013-12-04 00:00:00,1,2012-12-02 00:00:00,2013
Amber Patton,S027,A387,1.33,1.42,-0.09,2014-03-03 00:00:00,2,2012-12-21 00:00:00,2013
Bryan Johnson,S001,A373,1.31,1.2,0.11,2013-03-12 00:00:00,1,2012-11-11 00:00:00,2013
Jose Cooper,S075,A409,1.62,1.28,0.34,2013-02-13 00:00:00,1,2012-10-31 00:00:00,2013
Bryan Johnson,S007,A369,1.25,1.2,0.05,2013-02-24 00:00:00,3,2015-03-01 00:00:00,2013
Melissa Mcgee,S082,A366,1.71,1.2,0.51,2011-12-17 00:00:00,3,2012-11-22 00:00:00,2013
Brian Herrera,S003,A380,1.21,1.47,-0.26,2013-05-17 00:00:00,4,2012-11-03 00:00:00,2013
Tony Allen,S072,A379,1.21,3.16,-1.95,2012-05-16 00:00:00,3,2012-12-21 00:00:00,2013
Ronald Lynch,S014,A101,1.35,1.2,0.15,2013-05-02 00:00:00,4,2013-01-07 00:00:00,2016
Margaret English,S007,A394,1.21,1.36,-0.15,2012-02-08 00:00:00,1,2012-10-10 00:00:00,2013
Tony Allen,S040,A386,1.5,1.34,0.16,2012-08-11 00:00:00,1,2013-03-20 00:00:00,2016
Tammy Bernard,S064,A394,1.21,1.2,0.01,2013-07-08 00:00:00,4,2012-04-02 00:00:00,2013
William Vargas,S032,A363,1.27,1.32,-0.05,2012-11-09 00:00:00,4,2013-01-02 00:00:00,2013
Gregory Oneill,S057,A386,1.27,1.42,-0.15,2013-02-08 00:00:00,2,2013-04-27 00:00:00,2013
Diana Liu,S036,A377,1.47,1.24,0.23,2012-12-10 00:00:00,2,2012-10-23 00:00:00,2013
Rachel Gutierrez,S074,A408,1.38,1.35,0.03,2013-06-21 00:00:00,4,2013-02-03 00:00:00,2016
Charles Chapman,S064,A400,1.58,1.2,0.38,2013-07-25 00:00:00,4,2012-10-01 00:00:00,2013
Nicholas Pearson,S024,A349,1.51,1.34,0.17,2012-10-20 00:00:00,2,2010-12-15 00:00:00,2012
Michael Taylor,S023,A415,1.21,1.3,-0.09,2013-01-27 00:00:00,3,2013-02-16 00:00:00,2013
Jacqueline Wilcox,S050,A395,1.21,1.42,-0.21,2013-02-27 00:00:00,4,2013-03-11 00:00:00,2016
Eric Kim,S015,A362,1.29,2.08,-0.79,2012-09-22 00:00:00,3,2010-09-17 00:00:00,2012
Leslie Strong,S084,A394,1.34,1.28,0.06,2013-08-28 00:00:00,1,2012-09-13 00:00:00,2013
Thomas Smith,S072,A358,1.22,1.39,-0.17,2013-03-18 00:00:00,2,2010-07-30 00:00:00,2013
Kenneth Mann,S048,A372,1.21,1.36,-0.15,2011-12-14 00:00:00,4,2013-03-14 00:00:00,2013
Joshua Williams,S002,A403,1.39,2.15,-0.76,2013-06-22 00:00:00,3,2011-09-12 00:00:00,2013
Judy Ramirez,S051,A389,1.22,1.55,-0.33,2013-06-08 00:00:00,2,2012-11-15 00:00:00,2013
Judy Ramirez,S080,B747,1.93,1.52,0.41,2014-01-06 00:00:00,4,2012-11-19 00:00:00,2016
Ann Johnson,S008,A383,1.37,1.55,-0.18,2013-01-31 00:00:00,1,2012-12-27 00:00:00,2013
Stephanie Chavez,S024,A386,1.21,1.52,-0.31,2013-03-30 00:00:00,4,2010-08-07 00:00:00,2013
Jacqueline Wilcox,S027,A372,1.22,1.55,-0.33,2013-04-27 00:00:00,2,2013-02-16 00:00:00,2013
Tammy Bernard,S087,A388,1.24,1.27,-0.03,2012-11-26 00:00:00,4,2013-02-01 00:00:00,2013
Selena Morris,S082,A371,1.39,1.2,0.19,2014-02-13 00:00:00,3,2012-11-23 00:00:00,2016
Susan Jenkins,S001,A345,1.47,2.04,-0.57,2013-09-05 00:00:00,3,2013-01-13 00:00:00,2013
Gordon Taylor,S088,A391,1.63,1.3,0.33,2013-03-10 00:00:00,1,2012-09-20 00:00:00,2013
Laura Bell,S001,A349,1.32,1.32,0.0,2013-06-17 00:00:00,2,2012-11-14 00:00:00,2016
Kristine Taylor,S030,A365,1.45,1.2,0.25,2013-05-03 00:00:00,2,2013-01-02 00:00:00,2013
Jennifer Fisher,S082,A414,1.21,1.33,-0.12,2013-11-12 00:00:00,3,2012-12-07 00:00:00,2013
Susan Patton,S030,A400,1.29,1.39,-0.1,2012-12-10 00:00:00,3,2012-10-14 00:00:00,2013
Nicole Brown,S028,A390,1.27,3.16,-1.89,2012-06-17 00:00:00,2,2012-11-10 00:00:00,2016
Gabrielle White,S030,A396,1.33,1.41,-0.08,2012-10-28 00:00:00,4,2012-12-19 00:00:00,2012
Joshua Williams,S015,A389,1.21,1.2,0.01,2013-05-03 00:00:00,4,2013-02-27 00:00:00,2013
Jeremy Garcia,S075,A350,1.21,1.28,-0.07,2013-09-18 00:00:00,2,2014-03-25 00:00:00,2013
Pamela Campbell,S092,A101,1.69,2.04,-0.35,2013-02-27 00:00:00,4,2014-03-30 00:00:00,2013
Ashley Howard,S039,A400,1.37,1.5,-0.13,2013-01-18 00:00:00,3,2012-11-02 00:00:00,2013
Brittney Davis,S063,A368,2.11,1.91,0.2,2012-09-25 00:00:00,2,2012-08-30 00:00:00,2016
Deborah Berg,S018,A410,1.3,1.72,-0.42,2013-04-08 00:00:00,4,2012-12-26 00:00:00,2013
Kristine Taylor,S055,A400,1.22,1.29,-0.07,2013-09-30 00:00:00,4,2012-11-18 00:00:00,2013
Sierra Davis,S028,A400,1.21,1.42,-0.21,2012-09-09 00:00:00,4,2012-10-17 00:00:00,2016
Jeremy Garcia,S046,A344,1.21,1.26,-0.05,2013-12-15 00:00:00,1,2012-11-07 00:00:00,2012
William Jimenez,S061,A330,1.21,1.93,-0.72,2011-09-11 00:00:00,3,2012-03-17 00:00:00,2012
Stephanie Scott,S085,A344,1.21,1.2,0.01,2013-03-26 00:00:00,1,2011-12-19 00:00:00,2013
Kristin Alvarez,S082,A410,1.45,1.39,0.06,2013-12-13 00:00:00,3,2010-09-08 00:00:00,2013
Rachel Gutierrez,S092,A342,1.21,1.38,-0.17,2013-04-09 00:00:00,3,2012-11-25 00:00:00,2013
Amy Eaton,S056,A366,1.25,1.38,-0.13,2012-08-05 00:00:00,2,2012-11-18 00:00:00,2013
Gordon Taylor,S002,A405,1.63,1.24,0.39,2013-02-03 00:00:00,2,2012-03-19 00:00:00,2013
Jesse Jackson,S041,A368,1.33,1.44,-0.11,2013-06-05 00:00:00,4,2013-11-03 00:00:00,2016
Rebecca Hunter DDS,S056,A383,1.85,1.22,0.63,2013-09-14 00:00:00,4,2011-03-26 00:00:00,2013
Ronald Lynch,S029,A373,1.21,1.33,-0.12,2013-03-07 00:00:00,2,2012-11-08 00:00:00,2013
Megan Greene,S083,A408,1.21,1.42,-0.21,2013-10-23 00:00:00,4,2012-12-20 00:00:00,2013
Brian Herrera,S051,A397,1.84,1.23,0.61,2013-08-23 00:00:00,4,2012-12-25 00:00:00,2016
Tony Allen,S070,A378,1.89,1.4,0.49,2012-10-21 00:00:00,3,2011-09-25 00:00:00,2013
Ashley Peters,S045,A368,1.21,1.22,-0.01,2012-11-05 00:00:00,4,2013-04-07 00:00:00,2013
Stephanie Chavez,S051,A371,1.47,1.39,0.08,2013-03-26 00:00:00,2,2013-06-14 00:00:00,2012
Tina Watson,S059,A380,1.31,1.2,0.11,2013-01-04 00:00:00,3,2013-01-24 00:00:00,2013
Kathryn Rodriguez,S086,A320,1.4,1.51,-0.11,2013-10-22 00:00:00,1,2013-01-01 00:00:00,2016
Judy Ramirez,S044,A363,1.23,1.69,-0.46,2013-04-11 00:00:00,2,2012-12-26 00:00:00,2013
Judy Ramirez,S034,A400,1.64,1.48,0.16,2013-03-10 00:00:00,3,2013-02-03 00:00:00,2016
Joshua Williams,S066,A388,1.23,1.2,0.03,2012-12-17 00:00:00,3,2013-05-06 00:00:00,2013
Deborah Berg,S034,A341,1.21,1.26,-0.05,2013-02-21 00:00:00,3,2013-04-25 00:00:00,2016
Ms. Heidi Carrillo,S038,A342,1.37,1.2,0.17,2013-12-29 00:00:00,4,2012-12-11 00:00:00,2014
Selena Morris,S055,B747,1.29,1.6,-0.31,2013-01-21 00:00:00,4,2012-04-15 00:00:00,2015
